Configuration,Agent,mean,std
config1,Robot1,484.18050000000005,185.61463797462204
config1,Robot2,525.4055999999998,186.05221492753049
config1,Robot3,447.59079999999994,234.45840841471224
config1,Swarm,218.77240000000012,22.02637586258816
config2,Robot1,680.735,174.44296066336412
config2,Robot2,657.315,75.90462452973469
config2,Robot3,647.59,163.6236822712409
config2,Swarm,760.9227000000001,1605.8607351221992
config3,Robot1,422.755,72.2204730322365
config3,Robot2,413.54499999999996,66.42049175518052
config3,Robot3,474.725,50.01797301970563
config3,Swarm,719.6560999999999,1609.0669906106116
