robot,waypoint,mean,std
Robot1,WP1,14.637017957274628,2.5322990997541504
Robot1,WP2,14.607017864020358,2.970415975291444
Robot1,WP3,10.411113500920974,3.9557618362912423
Robot1,WP4,5.80493890663741,1.665339130689213
Robot1,WP5,14.113764941698241,4.844759359252711
Robot2,WP1,9.79478138703746,2.6343570848924034
Robot2,WP2,12.383478393991052,4.975572471657462
Robot2,WP3,9.826996210282822,2.630879927333329
Robot2,WP4,22.501822061285182,14.542442821400687
Robot2,WP5,14.64707138176876,3.785200965808475
Robot3,WP1,10.671243002095196,2.7022504759430173
Robot3,WP2,15.76790040697431,7.152933340295367
Robot3,WP3,14.477804547173355,7.483728887647854
Robot3,WP4,9.216394794555338,3.746810269875702
Robot3,WP5,18.568597275364677,7.192821548192173
