configuration,group,waypoint,mean_visits
config1,equal,1,3.466666666666667
config1,equal,2,2.7
config1,equal,3,2.3666666666666667
config1,equal,4,2.566666666666667
config1,equal,5,2.1333333333333333
config2,equal,1,33.06666666666667
config2,equal,2,1.9
config2,equal,3,2.8333333333333335
config2,equal,4,1.3666666666666667
config2,equal,5,5.133333333333334
config3,equal,1,5.2
config3,equal,2,1.1333333333333333
config3,equal,3,2.533333333333333
config3,equal,4,1.4
config3,equal,5,2.1
config1,reward,1,1.9666666666666666
config1,reward,2,1.5333333333333334
config1,reward,3,1.9666666666666666
config1,reward,4,1.6666666666666667
config1,reward,5,1.4666666666666666
config2,reward,1,18.733333333333334
config2,reward,2,1.7
config2,reward,3,2.933333333333333
config2,reward,4,1.5333333333333334
config2,reward,5,5.366666666666666
config3,reward,1,10.133333333333333
config3,reward,2,1.2666666666666666
config3,reward,3,2.466666666666667
config3,reward,4,1.4333333333333333
config3,reward,5,2.033333333333333
