Robot,Waypoint,Mean_Time,Std_Time
Robot1,1,93.23994893888633,21.620852519651585
Robot1,2,97.32995980551318,39.415461970209705
Robot1,3,11.729999144659468,13.933004457889592
Robot1,4,37.564985486242186,14.787776067909936
Robot1,5,80.82995895867717,52.76009348554586
Robot2,1,61.124971294808816,17.589454081916315
Robot2,2,83.79997107664764,44.43435343857825
Robot2,3,2.3899999999999997,4.648160926646151
Robot2,4,119.68489928585106,66.07614794612675
Robot2,5,99.8599582300547,51.437996167746796
Robot3,1,69.66997499605489,28.098359112204907
Robot3,2,118.5199679884923,96.5543079910289
Robot3,3,1.5699992943440608,2.7972482118029736
Robot3,4,53.82996742578605,13.114815040018051
Robot3,5,121.17496314562382,56.929083158203
