time,p0,p1
0,1,0
0,1,0
0.005,1,1
0.104,1,1
0.205,1,1
0.307,1,1
0.407,1,1
0.505,1,1
0.61,1,1
0.704,1,1
0.805,1,1
0.907,1,1
1.004,1,1
1.105,1,1
1.206,1,1
1.306,1,1
1.407,1,1
1.508,1,1
1.604,1,1
1.706,1,1
1.806,1,1
1.907,1,1
2.008,1,1
2.104,1,1
2.206,1,1
2.304,1,1
2.405,1,1
2.504,1,1
2.604,1,1
2.705,1,1
2.806,1,1
2.906,1,1
3.006,1,1
3.106,1,1
3.206,1,1
3.306,1,1
3.406,1,1
3.506,1,1
3.606,1,1
3.706,1,1
3.805,1,1
3.906,1,1
4.007,1,1
4.106,1,1
4.208,1,1
4.312,1,1
4.414,1,1
4.509,1,1
4.606,1,1
4.707,1,1
4.805,1,1
4.904,1,1
5.008,1,1
5.106,1,1
5.206,1,1
5.308,1,1
5.408,1,1
5.507,1,1
5.608,1,1
5.709,1,1
5.807,1,1
5.906,1,1
6.006,1,1
6.106,1,1
6.208,1,1
6.304,1,1
6.404,1,1
6.505,1,1
6.605,1,1
6.708,1,1
6.807,1,1
6.907,1,1
7.006,1,1
7.109,1,1
7.21,1,1
7.308,1,1
7.406,1,1
7.508,1,1
7.608,1,1
7.709,1,1
7.807,1,1
7.907,1,1
8.01,1,1
8.108,1,1
8.207,1,1
8.309,1,1
8.406,1,1
8.509,1,1
8.605,1,1
8.704,1,1
8.805,1,1
8.906,1,1
9.006,1,1
9.108,1,1
9.206,1,1
9.312,1,1
9.408,1,1
9.507,1,1
9.606,1,1
9.709,1,1
9.807,1,1
9.909,1,1
10.009,1,1
10.11,1,1
10.205,1,1
10.311,1,1
10.406,1,1
10.509,1,1
10.605,1,1
10.705,1,1
10.804,1,1
10.904,1,1
11.005,1,1
11.106,1,1
11.206,1,1
11.306,1,1
11.405,1,1
11.506,1,1
11.611,1,1
11.707,1,1
11.809,1,1
11.908,1,1
12.008,1,1
12.108,1,1
12.206,1,1
12.309,1,1
12.409,1,1
12.506,1,1
12.607,1,1
12.707,1,1
12.811,1,1
12.905,1,1
13.015,1,1
13.104,1,1
13.204,1,1
13.309,1,1
13.404,1,1
13.505,1,1
13.605,1,1
13.706,1,1
13.807,1,1
13.905,1,1
14.006,1,1
14.115,1,1
14.208,1,1
14.305,1,1
14.411,1,1
14.509,1,1
14.608,1,1
14.704,1,1
14.806,1,1
14.906,1,1
15.011,1,1
15.107,1,1
15.206,1,1
15.311,1,1
15.406,1,1
15.507,1,1
15.607,1,1
15.709,1,1
15.808,1,1
15.908,1,1
16.009,1,1
16.105,1,1
16.204,1,1
16.305,1,1
16.404,1,1
16.504,1,1
16.607,1,1
16.704,1,1
16.805,1,1
16.905,1,1
17.008,1,1
17.107,1,1
17.206,1,1
17.306,1,1
17.406,1,1
17.506,1,1
17.606,1,1
17.707,1,1
17.809,1,1
17.909,1,1
18.008,1,1
18.11,1,1
18.209,1,1
18.307,1,1
18.404,1,1
18.506,1,1
18.614,1,1
18.709,1,1
18.808,1,1
18.907,1,1
19.015,1,1
19.105,1,1
19.204,1,1
19.307,1,1
19.407,1,1
19.506,1,1
19.606,1,1
19.705,1,1
19.807,1,1
19.906,1,1
20.004,1,1
20.104,1,1
