time,p0,p1,p2,p3,p4,p5
0,1,1,1,1,0,0
0,1,1,1,1,0,0
0,1,1,1,1,0,-0.1
0.068,1,1,1,1,0,-0.0999771
0.139,1,1,1,1,0,-0.0999189
0.202,1,1,1,1,0,-0.0998892
0.269,1,1,1,1,0,-0.0998577
0.338,1,1,1,1,0,-0.0998277
0.402,1,1,1,1,0,-0.0998087
0.468,1,1,1,1,0,-0.0997872
0.536,1,1,1,1,0,-0.0997664
0.603,1,1,1,1,0,-0.0997457
0.67,1,1,1,1,0,-0.0997222
0.735,1,1,1,1,0,-0.0997004
0.805,1,1,1,1,0,-0.0996777
0.868,1,1,1,1,0,-0.0996033
0.936,1,1,1,1,0,-0.0995813
1.003,1,1,1,1,0,-0.0995598
1.071,1,1,1,1,0,-0.0995383
1.136,1,1,1,1,0,-0.0995174
1.202,1,1,1,1,0,-0.0994964
1.269,1,1,1,1,0,-0.099475
1.335,1,1,1,1,0,-0.0994538
1.402,1,1,1,1,0,-0.0994323
1.47,1,1,1,1,0,-0.0994105
1.535,1,1,1,1,0,-0.0993896
1.606,1,1,1,1,0,-0.0993666
1.669,1,1,1,1,0,-0.0993463
1.734,1,1,1,1,0,-0.0993253
1.804,1,1,1,1,0,-0.0993028
1.867,1,1,1,1,0,-0.0992824
1.938,1,1,1,1,0,-0.0992594
2.002,1,1,1,1,0,-0.0992386
2.067,1,1,1,1,0,-0.0992177
2.136,1,1,1,1,0,-0.0991953
2.203,1,1,1,1,0,-0.0991735
2.268,1,1,1,1,0,-0.0991525
2.336,1,1,1,1,0,-0.0991305
2.402,1,1,1,1,0,-0.099109
2.467,1,1,1,1,0,-0.0990878
2.535,1,1,1,1,0,-0.0990658
2.606,1,1,1,1,0,-0.0990427
2.667,1,1,1,1,0,-0.0990228
2.735,1,1,1,1,0,-0.0990007
2.803,1,1,1,1,0,-0.0989786
2.868,1,1,1,1,0,-0.0989575
2.935,1,1,1,1,0,-0.0989357
3.003,1,1,1,1,0,-0.0989136
3.067,1,1,1,1,0,-0.0988928
3.135,1,1,1,1,0,-0.0988707
3.202,1,1,1,1,0,-0.0988491
3.268,1,1,1,1,0,-0.0988278
3.337,1,1,1,1,0,-0.0988054
3.403,1,1,1,1,0,-0.098784
3.468,1,1,1,1,0,-0.098763
3.536,1,1,1,1,0,-0.098741
3.602,1,1,1,1,0,-0.0987197
3.668,1,1,1,1,0,-0.0986984
3.736,1,1,1,1,0,-0.0986765
3.801,1,1,1,1,0,-0.0986555
3.867,1,1,1,1,0,-0.0986341
3.935,1,1,1,1,0,-0.0986122
4.001,1,1,1,1,0,-0.0985909
4.068,1,1,1,1,0,-0.0985694
4.135,1,1,1,1,0,-0.0985479
4.202,1,1,1,1,0,-0.0985263
4.268,1,1,1,1,0,-0.098505
4.336,1,1,1,1,0,-0.0984832
4.403,1,1,1,1,0,-0.0984615
4.47,1,1,1,1,0,-0.0984399
4.536,1,1,1,1,0,-0.0984188
4.604,1,1,1,1,0,-0.0983971
4.669,1,1,1,1,0,-0.0983762
4.736,1,1,1,1,0,-0.0983547
4.802,1,1,1,1,0,-0.0983335
4.868,1,1,1,1,0,-0.0983123
4.941,1,1,1,1,0,-0.0982889
5.004,1,1,1,1,0,-0.0982686
5.073,1,1,1,1,0,-0.0982464
5.135,1,1,1,1,0,-0.0982264
5.202,1,1,1,1,0,-0.0982048
5.272,1,1,1,1,0,-0.0981824
5.335,1,1,1,1,0,-0.0981622
5.402,1,1,1,1,0,-0.0981408
5.468,1,1,1,1,0,-0.0981195
5.535,1,1,1,1,0,-0.098098
5.603,1,1,1,1,0,-0.0980764
5.668,1,1,1,1,0,-0.0980556
5.735,1,1,1,1,0,-0.098034
5.802,1,1,1,1,0,-0.0980124
5.867,1,1,1,1,0,-0.0979915
5.938,1,1,1,1,0,-0.0979687
6.003,1,1,1,1,0,-0.0979479
6.067,1,1,1,1,0,-0.0979273
6.135,1,1,1,1,0,-0.0979054
6.203,1,1,1,1,0,-0.0978838
6.268,1,1,1,1,0,-0.0978629
6.34,1,1,1,1,0,-0.0978397
6.401,1,1,1,1,0,-0.09782
6.469,1,1,1,1,0,-0.0977983
6.536,1,1,1,1,0,-0.097777
6.605,1,1,1,1,0,-0.0977551
6.668,1,1,1,1,0,-0.0977351
6.739,1,1,1,1,0,-0.0977124
6.803,1,1,1,1,0,-0.0976918
6.869,1,1,1,1,0,-0.0976706
6.936,1,1,1,1,0,-0.0976492
7.002,1,1,1,1,0,-0.0976282
7.073,1,1,1,1,0,-0.0976056
7.136,1,1,1,1,0,-0.0975856
7.203,1,1,1,1,0,-0.0975642
7.268,1,1,1,1,0,-0.0975434
7.335,1,1,1,1,0,-0.0975219
7.402,1,1,1,1,0,-0.0975005
7.47,1,1,1,1,0,-0.0974788
7.537,1,1,1,1,0,-0.0974574
7.603,1,1,1,1,0,-0.0974363
7.669,1,1,1,1,0,-0.0974152
7.737,1,1,1,1,0,-0.0973933
7.801,1,1,1,1,0,-0.097373
7.869,1,1,1,1,0,-0.0973512
7.936,1,1,1,1,0,-0.0973299
8.002,1,1,1,1,0,-0.0973087
8.07,1,1,1,1,0,-0.097287
8.137,1,1,1,1,0,-0.0972655
8.203,1,1,1,1,0,-0.0972445
8.267,1,1,1,1,0,-0.097224
8.335,1,1,1,1,0,-0.0972023
8.403,1,1,1,1,0,-0.0971809
8.469,1,1,1,1,0,-0.0971596
8.537,1,1,1,1,0,-0.0971378
8.602,1,1,1,1,0,-0.0971169
8.67,1,1,1,1,0,-0.0970952
8.734,1,1,1,1,0,-0.0970748
8.802,1,1,1,1,0,-0.0970531
8.868,1,1,1,1,0,-0.0970321
8.935,1,1,1,1,0,-0.0970107
9.004,1,1,1,1,0,-0.0969887
9.068,1,1,1,1,0,-0.0969683
9.134,1,1,1,1,0,-0.0969471
9.201,1,1,1,1,0,-0.0969257
9.268,1,1,1,1,0,-0.0969043
9.334,1,1,1,1,0,-0.0968833
9.404,1,1,1,1,0,-0.0968609
9.469,1,1,1,1,0,-0.0968403
9.534,1,1,1,1,0,-0.0968195
9.602,1,1,1,1,0,-0.0967979
9.668,1,1,1,1,0,-0.0967768
9.734,1,1,1,1,0,-0.0967558
9.802,1,1,1,1,0,-0.0967342
9.867,1,1,1,1,0,-0.0967135
9.938,1,1,1,1,0,-0.0966909
10.003,1,1,1,1,0,-0.0966702
10.067,1,1,1,1,0,-0.0966499
10.134,1,1,1,1,0,-0.0966285
10.204,1,1,1,1,0,-0.0966064
10.27,1,1,1,1,0,-0.0965857
10.336,1,1,1,1,0,-0.0965644
10.404,1,1,1,1,0,-0.0965428
10.468,1,1,1,1,0,-0.0965224
10.537,1,1,1,1,0,-0.0965004
10.603,1,1,1,1,0,-0.0964794
10.669,1,1,1,1,0,-0.0964584
10.735,1,1,1,1,0,-0.0964372
10.802,1,1,1,1,0,-0.096416
10.868,1,1,1,1,0,-0.0963949
10.935,1,1,1,1,0,-0.0963736
11.001,1,1,1,1,0,-0.0963526
11.072,1,1,1,1,0,-0.09633
11.135,1,1,1,1,0,-0.09631
11.204,1,1,1,1,0,-0.096288
11.267,1,1,1,1,0,-0.096268
11.335,1,1,1,1,0,-0.0962464
11.405,1,1,1,1,0,-0.0962241
11.469,1,1,1,1,0,-0.0962038
11.536,1,1,1,1,0,-0.0961824
11.603,1,1,1,1,0,-0.096161
11.668,1,1,1,1,0,-0.0961403
11.737,1,1,1,1,0,-0.0961182
11.801,1,1,1,1,0,-0.096098
11.868,1,1,1,1,0,-0.0960766
11.935,1,1,1,1,0,-0.0960553
12.002,1,1,1,1,0,-0.096034
12.068,1,1,1,1,0,-0.0960131
12.136,1,1,1,1,0,-0.0959915
12.202,1,1,1,1,0,-0.0959706
12.271,1,1,1,1,0,-0.0959487
12.334,1,1,1,1,0,-0.0959286
12.406,1,1,1,1,0,-0.0959057
12.469,1,1,1,1,0,-0.0958857
12.535,1,1,1,1,0,-0.0958648
12.602,1,1,1,1,0,-0.0958434
12.669,1,1,1,1,0,-0.0958222
12.736,1,1,1,1,0,-0.0958009
12.803,1,1,1,1,0,-0.0957795
12.868,1,1,1,1,0,-0.0957589
12.936,1,1,1,1,0,-0.0957372
13.002,1,1,1,1,0,-0.0957163
13.067,1,1,1,1,0,-0.0956957
13.134,1,1,1,1,0,-0.0956743
13.203,1,1,1,1,0,-0.0956523
13.267,1,1,1,1,0,-0.095632
13.335,1,1,1,1,0,-0.0956103
13.402,1,1,1,1,0,-0.0955891
13.468,1,1,1,1,0,-0.0955681
13.538,1,1,1,1,0,-0.0955459
13.604,1,1,1,1,0,-0.0955249
13.669,1,1,1,1,0,-0.0955042
13.736,1,1,1,1,0,-0.0954828
13.803,1,1,1,1,0,-0.0954615
13.868,1,1,1,1,0,-0.0954409
13.937,1,1,1,1,0,-0.095419
14.004,1,1,1,1,0,-0.0953976
14.071,1,1,1,1,0,-0.0953763
14.136,1,1,1,1,0,-0.0953564
14.204,1,1,1,1,0,-0.0953341
14.268,1,1,1,1,0,-0.0953138
14.335,1,1,1,1,0,-0.0952925
14.402,1,1,1,1,0,-0.0952712
14.468,1,1,1,1,0,-0.0952502
14.537,1,1,1,1,0,-0.0952283
14.602,1,1,1,1,0,-0.0952076
14.67,1,1,1,1,0,-0.0951861
14.745,1,1,1,1,0,-0.0951622
14.802,1,1,1,1,0,-0.095144
14.868,1,1,1,1,0,-0.0951231
14.937,1,1,1,1,0,-0.0951012
15.003,1,1,1,1,0,-0.0950802
15.067,1,1,1,1,0,-0.0950597
15.135,1,1,1,1,0,-0.0950379
15.202,1,1,1,1,0,-0.0950166
15.27,1,1,1,1,0,-0.0949952
15.336,1,1,1,1,0,-0.094974
15.404,1,1,1,1,0,-0.0949524
15.468,1,1,1,1,0,-0.0949321
15.538,1,1,1,1,0,-0.0949098
15.601,1,1,1,1,0,-0.0948897
15.669,1,1,1,1,0,-0.0948681
15.736,1,1,1,1,0,-0.0948469
15.802,1,1,1,1,0,-0.0948259
15.869,1,1,1,1,0,-0.0948046
15.937,1,1,1,1,0,-0.0947831
16.002,1,1,1,1,0,-0.0947624
16.07,1,1,1,1,0,-0.0947409
16.137,1,1,1,1,0,-0.0947195
16.202,1,1,1,1,0,-0.0946989
16.267,1,1,1,1,0,-0.0946783
16.336,1,1,1,1,0,-0.0946563
16.402,1,1,1,1,0,-0.0946353
16.469,1,1,1,1,0,-0.0946141
16.537,1,1,1,1,0,-0.0945924
16.602,1,1,1,1,0,-0.0945718
16.671,1,1,1,1,0,-0.0945499
16.736,1,1,1,1,0,-0.0945291
16.805,1,1,1,1,0,-0.0945072
16.87,1,1,1,1,0,-0.0944866
16.935,1,1,1,1,0,-0.0944659
17.001,1,1,1,1,0,-0.0944449
17.071,1,1,1,1,0,-0.0944226
17.135,1,1,1,1,0,-0.0944022
17.202,1,1,1,1,0,-0.0943809
17.267,1,1,1,1,0,-0.0943602
17.335,1,1,1,1,0,-0.0943386
17.402,1,1,1,1,0,-0.0943173
17.467,1,1,1,1,0,-0.0942967
17.534,1,1,1,1,0,-0.0942755
17.603,1,1,1,1,0,-0.0942536
17.668,1,1,1,1,0,-0.094233
17.735,1,1,1,1,0,-0.0942117
17.802,1,1,1,1,0,-0.0941905
17.869,1,1,1,1,0,-0.0941692
17.934,1,1,1,1,0,-0.0941485
18.003,1,1,1,1,0,-0.0941265
18.07,1,1,1,1,0,-0.0941053
18.135,1,1,1,1,0,-0.0940846
18.201,1,1,1,1,0,-0.0940636
18.267,1,1,1,1,0,-0.0940425
18.336,1,1,1,1,0,-0.0940205
18.402,1,1,1,1,0,-0.0939996
18.468,1,1,1,1,0,-0.0939786
18.535,1,1,1,1,0,-0.0939572
18.604,1,1,1,1,0,-0.0939353
18.67,1,1,1,1,0,-0.0939143
18.735,1,1,1,1,0,-0.0938937
18.801,1,1,1,1,0,-0.0938727
18.873,1,1,1,1,0,-0.0938498
18.935,1,1,1,1,0,-0.0938301
19.005,1,1,1,1,0,-0.0938079
19.068,1,1,1,1,0,-0.0937879
19.136,1,1,1,1,0,-0.0937663
19.202,1,1,1,1,0,-0.0937453
19.27,1,1,1,1,0,-0.0937237
19.336,1,1,1,1,0,-0.0937027
19.403,1,1,1,1,0,-0.0936818
19.468,1,1,1,1,0,-0.0936609
19.536,1,1,1,1,0,-0.0936394
19.602,1,1,1,1,0,-0.0936184
19.667,1,1,1,1,0,-0.0935977
19.735,1,1,1,1,0,-0.0935762
19.804,1,1,1,1,0,-0.0935543
19.867,1,1,1,1,0,-0.0935342
19.935,1,1,1,1,0,-0.0935127
20.001,1,1,1,1,0,-0.0934917
20.068,1,1,1,1,0,-0.0934705
20.135,1,1,1,1,0,-0.0934493
20.202,1,1,1,1,0,-0.093428
20.268,1,1,1,1,0,-0.0934071
20.335,1,1,1,1,0,-0.0933857
20.401,1,1,1,1,0,-0.0933646
20.47,1,1,1,1,0,-0.0933426
20.539,1,1,1,1,0,-0.093321
20.606,1,1,1,1,0,-0.0932994
20.668,1,1,1,1,0,-0.0932797
20.737,1,1,1,1,0,-0.0932577
20.801,1,1,1,1,0,-0.0932372
20.87,1,1,1,1,0,-0.0932152
20.938,1,1,1,1,0,-0.0931936
21.002,1,1,1,1,0,-0.0931733
21.072,1,1,1,1,0,-0.0931509
21.135,1,1,1,1,0,-0.0931309
21.202,1,1,1,1,0,-0.0931096
21.269,1,1,1,1,0,-0.0930883
21.336,1,1,1,1,0,-0.093067
21.404,1,1,1,1,0,-0.0930453
21.469,1,1,1,1,0,-0.0930245
21.534,1,1,1,1,0,-0.0930037
21.604,1,1,1,1,0,-0.0929813
21.67,1,1,1,1,0,-0.0929602
21.736,1,1,1,1,0,-0.0929392
21.801,1,1,1,1,0,-0.0929185
21.868,1,1,1,1,0,-0.0928971
21.935,1,1,1,1,0,-0.0928757
22.001,1,1,1,1,0,-0.0928547
22.071,1,1,1,1,0,-0.0928324
22.134,1,1,1,1,0,-0.0928124
22.205,1,1,1,1,0,-0.0927897
22.268,1,1,1,1,0,-0.0927698
22.339,1,1,1,1,0,-0.0927472
22.402,1,1,1,1,0,-0.0927271
22.468,1,1,1,1,0,-0.0927061
22.534,1,1,1,1,0,-0.0926852
22.602,1,1,1,1,0,-0.0926636
22.675,1,1,1,1,0,-0.0926404
22.734,1,1,1,1,0,-0.0926217
22.803,1,1,1,1,0,-0.0925998
22.871,1,1,1,1,0,-0.0925782
22.938,1,1,1,1,0,-0.0925569
23.002,1,1,1,1,0,-0.0925366
23.073,1,1,1,1,0,-0.0925141
23.134,1,1,1,1,0,-0.0924947
23.204,1,1,1,1,0,-0.0924726
23.267,1,1,1,1,0,-0.0924526
23.337,1,1,1,1,0,-0.0924307
23.407,1,1,1,1,0,-0.0924081
23.467,1,1,1,1,0,-0.0923891
23.535,1,1,1,1,0,-0.0923674
23.603,1,1,1,1,0,-0.0923459
23.668,1,1,1,1,0,-0.0923252
23.734,1,1,1,1,0,-0.0923042
23.806,1,1,1,1,0,-0.0922814
23.869,1,1,1,1,0,-0.0922614
23.942,1,1,1,1,0,-0.0922383
24.003,1,1,1,1,0,-0.0922188
24.07,1,1,1,1,0,-0.0921975
24.14,1,1,1,1,0,-0.0921756
24.202,1,1,1,1,0,-0.0921556
24.269,1,1,1,1,0,-0.0921344
24.336,1,1,1,1,0,-0.0921131
24.402,1,1,1,1,0,-0.0920922
24.467,1,1,1,1,0,-0.0920716
24.536,1,1,1,1,0,-0.0920497
24.605,1,1,1,1,0,-0.0920277
24.667,1,1,1,1,0,-0.092008
24.735,1,1,1,1,0,-0.0919863
24.801,1,1,1,1,0,-0.0919653
24.867,1,1,1,1,0,-0.0919443
24.935,1,1,1,1,0,-0.0919226
25.002,1,1,1,1,0,-0.0919013
25.068,1,1,1,1,0,-0.0918803
25.135,1,1,1,1,0,-0.091859
25.203,1,1,1,1,0,-0.0918375
25.271,1,1,1,1,0,-0.0918159
25.335,1,1,1,1,0,-0.0917955
25.402,1,1,1,1,0,-0.0917743
25.467,1,1,1,1,0,-0.0917536
25.538,1,1,1,1,0,-0.0917309
25.604,1,1,1,1,0,-0.09171
25.669,1,1,1,1,0,-0.0916893
25.741,1,1,1,1,0,-0.0916665
25.802,1,1,1,1,0,-0.091647
25.867,1,1,1,1,0,-0.0916265
25.935,1,1,1,1,0,-0.0916048
26.002,1,1,1,1,0,-0.0915835
26.067,1,1,1,1,0,-0.0915628
26.135,1,1,1,1,0,-0.0915412
26.208,1,1,1,1,0,-0.091518
26.268,1,1,1,1,0,-0.091499
26.339,1,1,1,1,0,-0.0914764
26.403,1,1,1,1,0,-0.0914561
26.467,1,1,1,1,0,-0.0914356
26.535,1,1,1,1,0,-0.0914141
26.602,1,1,1,1,0,-0.0913928
26.67,1,1,1,1,0,-0.0913713
26.735,1,1,1,1,0,-0.0913507
26.801,1,1,1,1,0,-0.0913297
26.869,1,1,1,1,0,-0.0913081
26.934,1,1,1,1,0,-0.0912876
27.001,1,1,1,1,0,-0.0912663
27.075,1,1,1,1,0,-0.0912428
27.134,1,1,1,1,0,-0.0912239
27.202,1,1,1,1,0,-0.0912021
27.269,1,1,1,1,0,-0.0911809
27.334,1,1,1,1,0,-0.0911603
27.401,1,1,1,1,0,-0.091139
27.468,1,1,1,1,0,-0.0911177
27.536,1,1,1,1,0,-0.0910962
27.603,1,1,1,1,0,-0.0910748
27.668,1,1,1,1,0,-0.0910541
27.735,1,1,1,1,0,-0.0910327
27.803,1,1,1,1,0,-0.0910111
27.87,1,1,1,1,0,-0.0909897
27.936,1,1,1,1,0,-0.0909688
28.002,1,1,1,1,0,-0.0909478
28.067,1,1,1,1,0,-0.0909271
28.135,1,1,1,1,0,-0.0909055
28.202,1,1,1,1,0,-0.0908842
28.267,1,1,1,1,0,-0.0908632
28.336,1,1,1,1,0,-0.0908411
28.402,1,1,1,1,0,-0.09082
28.468,1,1,1,1,0,-0.0907988
28.536,1,1,1,1,0,-0.090777
28.603,1,1,1,1,0,-0.0907554
28.67,1,1,1,1,0,-0.0907339
28.738,1,1,1,1,0,-0.090712
28.804,1,1,1,1,0,-0.0906911
28.87,1,1,1,1,0,-0.0906696
28.936,1,1,1,1,0,-0.0906483
29.003,1,1,1,1,0,-0.0906269
29.073,1,1,1,1,0,-0.0906043
29.136,1,1,1,1,0,-0.090584
29.204,1,1,1,1,0,-0.0905618
29.269,1,1,1,1,0,-0.0905407
29.337,1,1,1,1,0,-0.0905186
29.402,1,1,1,1,0,-0.0904974
29.469,1,1,1,1,0,-0.0904759
29.536,1,1,1,1,0,-0.0904541
29.602,1,1,1,1,0,-0.0904327
29.669,1,1,1,1,0,-0.0904108
29.736,1,1,1,1,0,-0.0903888
29.805,1,1,1,1,0,-0.0903662
29.867,1,1,1,1,0,-0.0903458
29.936,1,1,1,1,0,-0.0903231
30.004,1,1,1,1,0,-0.0903006
30.071,1,1,1,1,0,-0.0902785
30.135,1,1,1,1,0,-0.0902577
30.201,1,1,1,1,0,-0.0902356
30.27,1,1,1,1,0,-0.0902125
30.336,1,1,1,1,0,-0.0901906
30.404,1,1,1,1,0,-0.0901678
30.467,1,1,1,1,0,-0.0901468
30.537,1,1,1,1,0,-0.0901236
30.606,1,1,1,1,0,-0.0900999
30.667,1,1,1,1,0,-0.0900794
30.736,1,1,1,1,0,-0.0900565
30.804,1,1,1,1,0,-0.0900335
30.867,1,1,1,1,0,-0.0900123
30.936,1,1,1,1,0,-0.0899891
31.004,1,1,1,1,0,-0.0899663
31.069,1,1,1,1,0,-0.0899443
31.136,1,1,1,1,0,-0.0899216
31.204,1,1,1,1,0,-0.0898987
31.269,1,1,1,1,0,-0.0898766
31.338,1,1,1,1,0,-0.0898532
31.401,1,1,1,1,0,-0.0898318
31.471,1,1,1,1,0,-0.0898083
31.538,1,1,1,1,0,-0.0897855
31.601,1,1,1,1,0,-0.0897642
31.672,1,1,1,1,0,-0.0897405
31.736,1,1,1,1,0,-0.0897186
31.801,1,1,1,1,0,-0.0896966
31.868,1,1,1,1,0,-0.089674
31.935,1,1,1,1,0,-0.0896514
32.003,1,1,1,1,0,-0.0896286
32.068,1,1,1,1,0,-0.0896071
32.139,1,1,1,1,0,-0.0895842
32.201,1,1,1,1,0,-0.0895644
32.268,1,1,1,1,0,-0.0895432
32.337,1,1,1,1,0,-0.0895211
32.403,1,1,1,1,0,-0.0895001
32.472,1,1,1,1,0,-0.0894779
32.534,1,1,1,1,0,-0.0894581
32.602,1,1,1,1,0,-0.0894362
32.667,1,1,1,1,0,-0.0894153
32.742,1,1,1,1,0,-0.0893911
32.802,1,1,1,1,0,-0.0893719
32.868,1,1,1,1,0,-0.0893503
32.934,1,1,1,1,0,-0.089329
33.002,1,1,1,1,0,-0.089307
33.069,1,1,1,1,0,-0.0892853
33.139,1,1,1,1,0,-0.0892626
33.204,1,1,1,1,0,-0.0892416
33.269,1,1,1,1,0,-0.0892206
33.336,1,1,1,1,0,-0.0891988
33.403,1,1,1,1,0,-0.0891772
33.469,1,1,1,1,0,-0.0891559
33.537,1,1,1,1,0,-0.0891339
33.603,1,1,1,1,0,-0.0891125
33.668,1,1,1,1,0,-0.0890915
33.736,1,1,1,1,0,-0.0890694
33.805,1,1,1,1,0,-0.0890471
33.868,1,1,1,1,0,-0.0890267
33.935,1,1,1,1,0,-0.089005
34.001,1,1,1,1,0,-0.0889836
34.069,1,1,1,1,0,-0.0889616
34.136,1,1,1,1,0,-0.0889402
34.202,1,1,1,1,0,-0.0889188
34.274,1,1,1,1,0,-0.0888956
34.335,1,1,1,1,0,-0.0888759
34.403,1,1,1,1,0,-0.0888539
34.468,1,1,1,1,0,-0.0888328
34.534,1,1,1,1,0,-0.0888114
34.603,1,1,1,1,0,-0.0887892
34.67,1,1,1,1,0,-0.0887674
34.734,1,1,1,1,0,-0.0887468
34.802,1,1,1,1,0,-0.0887249
34.869,1,1,1,1,0,-0.0887032
34.934,1,1,1,1,0,-0.0886822
35.003,1,1,1,1,0,-0.0886598
35.069,1,1,1,1,0,-0.0886385
35.136,1,1,1,1,0,-0.088617
35.203,1,1,1,1,0,-0.0885957
35.267,1,1,1,1,0,-0.0885748
35.337,1,1,1,1,0,-0.0885522
35.401,1,1,1,1,0,-0.0885316
35.467,1,1,1,1,0,-0.0885102
35.539,1,1,1,1,0,-0.0884871
35.604,1,1,1,1,0,-0.0884662
35.668,1,1,1,1,0,-0.0884456
35.734,1,1,1,1,0,-0.0884245
35.801,1,1,1,1,0,-0.088403
35.869,1,1,1,1,0,-0.088381
35.934,1,1,1,1,0,-0.0883599
36.001,1,1,1,1,0,-0.0883384
36.072,1,1,1,1,0,-0.0883155
36.135,1,1,1,1,0,-0.0882953
36.203,1,1,1,1,0,-0.0882735
36.272,1,1,1,1,0,-0.0882511
36.335,1,1,1,1,0,-0.0882308
36.402,1,1,1,1,0,-0.0882094
36.468,1,1,1,1,0,-0.0881882
36.536,1,1,1,1,0,-0.0881664
36.606,1,1,1,1,0,-0.0881439
36.668,1,1,1,1,0,-0.088124
36.735,1,1,1,1,0,-0.0881024
36.802,1,1,1,1,0,-0.088081
36.868,1,1,1,1,0,-0.0880598
36.935,1,1,1,1,0,-0.0880382
37.003,1,1,1,1,0,-0.0880167
37.069,1,1,1,1,0,-0.0879955
37.135,1,1,1,1,0,-0.0879742
37.201,1,1,1,1,0,-0.087953
37.274,1,1,1,1,0,-0.0879296
37.337,1,1,1,1,0,-0.0879094
37.403,1,1,1,1,0,-0.0878882
37.47,1,1,1,1,0,-0.0878668
37.538,1,1,1,1,0,-0.0878449
37.603,1,1,1,1,0,-0.0878241
37.668,1,1,1,1,0,-0.0878033
37.737,1,1,1,1,0,-0.0877809
37.81,1,1,1,1,0,-0.0877576
37.869,1,1,1,1,0,-0.0877388
37.934,1,1,1,1,0,-0.0877181
38.002,1,1,1,1,0,-0.0876963
38.073,1,1,1,1,0,-0.0876736
38.135,1,1,1,1,0,-0.0876537
38.203,1,1,1,1,0,-0.0876318
38.269,1,1,1,1,0,-0.0876107
38.336,1,1,1,1,0,-0.0875893
38.404,1,1,1,1,0,-0.0875673
38.469,1,1,1,1,0,-0.0875465
38.534,1,1,1,1,0,-0.0875257
38.601,1,1,1,1,0,-0.0875042
38.668,1,1,1,1,0,-0.0874827
38.734,1,1,1,1,0,-0.0874615
38.802,1,1,1,1,0,-0.0874397
38.869,1,1,1,1,0,-0.0874182
38.935,1,1,1,1,0,-0.0873971
39.002,1,1,1,1,0,-0.0873754
39.067,1,1,1,1,0,-0.0873546
39.135,1,1,1,1,0,-0.0873329
39.203,1,1,1,1,0,-0.0873111
39.267,1,1,1,1,0,-0.0872904
39.335,1,1,1,1,0,-0.0872687
39.403,1,1,1,1,0,-0.087247
39.468,1,1,1,1,0,-0.0872264
39.537,1,1,1,1,0,-0.0872043
39.604,1,1,1,1,0,-0.087183
39.668,1,1,1,1,0,-0.0871624
39.737,1,1,1,1,0,-0.0871403
39.805,1,1,1,1,0,-0.0871186
39.867,1,1,1,1,0,-0.0870987
39.937,1,1,1,1,0,-0.0870764
40.001,1,1,1,1,0,-0.0870558
40.069,1,1,1,1,0,-0.0870343
40.135,1,1,1,1,0,-0.0870131
40.202,1,1,1,1,0,-0.0869916
40.269,1,1,1,1,0,-0.0869701
40.337,1,1,1,1,0,-0.0869484
40.402,1,1,1,1,0,-0.0869277
40.467,1,1,1,1,0,-0.086907
40.535,1,1,1,1,0,-0.0868853
40.602,1,1,1,1,0,-0.0868639
40.671,1,1,1,1,0,-0.0868421
40.734,1,1,1,1,0,-0.0868215
40.803,1,1,1,1,0,-0.0867994
40.87,1,1,1,1,0,-0.086778
40.935,1,1,1,1,0,-0.0867571
41.003,1,1,1,1,0,-0.0867354
41.068,1,1,1,1,0,-0.0867147
41.137,1,1,1,1,0,-0.0866927
41.203,1,1,1,1,0,-0.0866716
41.267,1,1,1,1,0,-0.0866512
41.335,1,1,1,1,0,-0.0866296
41.402,1,1,1,1,0,-0.0866083
41.467,1,1,1,1,0,-0.0865875
41.534,1,1,1,1,0,-0.0865661
41.605,1,1,1,1,0,-0.0865436
41.667,1,1,1,1,0,-0.0865238
41.738,1,1,1,1,0,-0.0865011
41.803,1,1,1,1,0,-0.0864805
41.868,1,1,1,1,0,-0.0864598
41.936,1,1,1,1,0,-0.0864382
42.001,1,1,1,1,0,-0.0864175
42.069,1,1,1,1,0,-0.0863958
42.136,1,1,1,1,0,-0.0863745
42.201,1,1,1,1,0,-0.0863539
42.268,1,1,1,1,0,-0.0863324
42.338,1,1,1,1,0,-0.0863101
42.402,1,1,1,1,0,-0.0862897
42.468,1,1,1,1,0,-0.0862686
42.535,1,1,1,1,0,-0.0862473
42.602,1,1,1,1,0,-0.086226
42.667,1,1,1,1,0,-0.0862052
42.734,1,1,1,1,0,-0.0861839
42.802,1,1,1,1,0,-0.0861621
42.875,1,1,1,1,0,-0.0861388
42.935,1,1,1,1,0,-0.0861197
43.003,1,1,1,1,0,-0.086098
43.069,1,1,1,1,0,-0.0860769
43.134,1,1,1,1,0,-0.0860563
43.201,1,1,1,1,0,-0.0860349
43.268,1,1,1,1,0,-0.0860137
43.336,1,1,1,1,0,-0.085992
43.404,1,1,1,1,0,-0.0859702
43.468,1,1,1,1,0,-0.0859499
43.535,1,1,1,1,0,-0.0859285
43.602,1,1,1,1,0,-0.0859071
43.667,1,1,1,1,0,-0.0858864
43.736,1,1,1,1,0,-0.0858644
43.802,1,1,1,1,0,-0.0858435
43.867,1,1,1,1,0,-0.0858227
43.937,1,1,1,1,0,-0.0858008
44.003,1,1,1,1,0,-0.0857794
44.068,1,1,1,1,0,-0.0857589
44.135,1,1,1,1,0,-0.0857376
44.203,1,1,1,1,0,-0.0857158
44.269,1,1,1,1,0,-0.0856948
44.336,1,1,1,1,0,-0.0856736
44.406,1,1,1,1,0,-0.0856512
44.473,1,1,1,1,0,-0.08563
44.535,1,1,1,1,0,-0.0856103
44.603,1,1,1,1,0,-0.0855886
44.669,1,1,1,1,0,-0.0855675
44.734,1,1,1,1,0,-0.0855468
44.803,1,1,1,1,0,-0.0855249
44.871,1,1,1,1,0,-0.0855033
44.934,1,1,1,1,0,-0.0854831
45.003,1,1,1,1,0,-0.0854612
45.068,1,1,1,1,0,-0.0854405
45.135,1,1,1,1,0,-0.0854192
45.207,1,1,1,1,0,-0.0853964
45.268,1,1,1,1,0,-0.085377
45.335,1,1,1,1,0,-0.0853557
45.402,1,1,1,1,0,-0.0853344
45.467,1,1,1,1,0,-0.0853138
45.536,1,1,1,1,0,-0.0852918
45.609,1,1,1,1,0,-0.0852688
45.667,1,1,1,1,0,-0.0852502
45.737,1,1,1,1,0,-0.085228
45.803,1,1,1,1,0,-0.0852069
45.869,1,1,1,1,0,-0.0851859
45.936,1,1,1,1,0,-0.0851645
46.002,1,1,1,1,0,-0.0851436
46.068,1,1,1,1,0,-0.0851225
46.137,1,1,1,1,0,-0.0851006
46.206,1,1,1,1,0,-0.0850786
46.268,1,1,1,1,0,-0.0850589
46.336,1,1,1,1,0,-0.0850372
46.407,1,1,1,1,0,-0.0850147
46.471,1,1,1,1,0,-0.0849943
46.534,1,1,1,1,0,-0.0849744
46.601,1,1,1,1,0,-0.084953
46.671,1,1,1,1,0,-0.0849308
46.736,1,1,1,1,0,-0.0849102
46.803,1,1,1,1,0,-0.0848889
46.871,1,1,1,1,0,-0.0848674
46.934,1,1,1,1,0,-0.0848473
47.003,1,1,1,1,0,-0.0848254
47.07,1,1,1,1,0,-0.0848044
47.136,1,1,1,1,0,-0.0847831
47.208,1,1,1,1,0,-0.0847602
47.267,1,1,1,1,0,-0.0847415
47.339,1,1,1,1,0,-0.0847185
47.402,1,1,1,1,0,-0.0846983
47.467,1,1,1,1,0,-0.0846778
47.536,1,1,1,1,0,-0.0846559
47.601,1,1,1,1,0,-0.0846351
47.67,1,1,1,1,0,-0.0846132
47.736,1,1,1,1,0,-0.0845923
47.803,1,1,1,1,0,-0.0845711
47.869,1,1,1,1,0,-0.0845501
47.939,1,1,1,1,0,-0.0845279
48.002,1,1,1,1,0,-0.0845078
48.068,1,1,1,1,0,-0.0844869
48.135,1,1,1,1,0,-0.0844655
48.201,1,1,1,1,0,-0.0844446
48.271,1,1,1,1,0,-0.0844223
48.336,1,1,1,1,0,-0.0844017
48.402,1,1,1,1,0,-0.0843808
48.47,1,1,1,1,0,-0.0843592
48.535,1,1,1,1,0,-0.0843386
48.605,1,1,1,1,0,-0.0843161
48.667,1,1,1,1,0,-0.0842964
