configuration,group,experiment,rosbot_1_0_mission_time_s,rosbot_2_1_mission_time_s,rosbot_3_2_mission_time_s,area_covered_percent,rosbot_1_0_WP1_time_s,rosbot_1_0_WP1_heading_percent,rosbot_1_0_WP2_time_s,rosbot_1_0_WP2_heading_percent,rosbot_1_0_WP3_time_s,rosbot_1_0_WP3_heading_percent,rosbot_1_0_WP4_time_s,rosbot_1_0_WP4_heading_percent,rosbot_1_0_WP5_time_s,rosbot_1_0_WP5_heading_percent,rosbot_1_0_waypoint_time_total_s,rosbot_1_0_waypoint_time_mission_percent,rosbot_1_0_heading_waypoint_total_percent,rosbot_2_1_WP1_time_s,rosbot_2_1_WP1_heading_percent,rosbot_2_1_WP2_time_s,rosbot_2_1_WP2_heading_percent,rosbot_2_1_WP3_time_s,rosbot_2_1_WP3_heading_percent,rosbot_2_1_WP4_time_s,rosbot_2_1_WP4_heading_percent,rosbot_2_1_WP5_time_s,rosbot_2_1_WP5_heading_percent,rosbot_2_1_waypoint_time_total_s,rosbot_2_1_waypoint_time_mission_percent,rosbot_2_1_heading_waypoint_total_percent,rosbot_3_2_WP1_time_s,rosbot_3_2_WP1_heading_percent,rosbot_3_2_WP2_time_s,rosbot_3_2_WP2_heading_percent,rosbot_3_2_WP3_time_s,rosbot_3_2_WP3_heading_percent,rosbot_3_2_WP4_time_s,rosbot_3_2_WP4_heading_percent,rosbot_3_2_WP5_time_s,rosbot_3_2_WP5_heading_percent,rosbot_3_2_waypoint_time_total_s,rosbot_3_2_waypoint_time_mission_percent,rosbot_3_2_heading_waypoint_total_percent,photosynthesis_produced
config1,equal,exp_equal1,675.5,710.9,410.65,92.5911000312055,99.34900000000003,13.968319763138394,116.95000000000002,10.40014803849001,0.0,0.0,35.65099999999997,1.8729829755736347,142.39700000000005,9.163286454478172,394.34700000000004,58.37853441894893,35.404737231680215,104.05199999999985,9.199465466310308,111.54899999999992,11.112111408074261,0.0,0.0,218.6990000000001,7.820649880433272,76.49900000000002,4.339710226473476,510.79899999999986,71.8524405682937,32.471936981291314,65.198,9.36320467551443,51.400000000000034,7.305004261536587,0.0,0.0,53.70099999999999,4.492877145988065,109.149,13.685620357969071,279.44800000000004,68.05016437355414,34.84670644100815,0.0114596346
config1,equal,exp_equal10,591.45,730.95,392.3,95.36808229568872,97.35099999999996,14.328345591343304,121.00099999999998,11.598444500803108,48.44900000000001,2.0037196719925605,22.049000000000092,1.352777073294461,24.700999999999993,3.8126637923746642,313.55100000000004,53.01394876997211,33.0959506298081,73.501,10.2673233463301,96.45200000000006,9.364115192557618,0.0,0.1774403173951586,101.35000000000002,4.295642656816467,96.852,8.769272864080996,368.1550000000001,50.36664614542719,32.87379437718034,44.79899999999999,12.656130512362989,46.298,7.405047157787402,0.0,0.0,70.90400000000001,5.468009176650528,72.69899999999996,7.315574815192472,234.69999999999996,59.8266632679072,32.84476166199339,0.006693976
config1,equal,exp_equal2,359.4,956.8,827.35,92.04021931349612,67.30099999999999,15.497495826377296,62.301000000000016,11.75598219254313,0.0,0.0,26.450000000000003,4.033945464663329,75.80000000000001,9.126321647189764,231.85200000000003,64.51085141903174,40.41374513077351,133.09999999999985,9.113921404682275,145.85299999999998,10.174958193979938,0.0,0.0,153.10000000000002,4.154995819398003,153.1959999999999,7.786266722408035,585.2489999999998,61.167328595317706,31.230142140468253,97.50400000000002,7.6025865715839736,100.09699999999992,9.071372454221304,0.0,0.0,139.45299999999997,4.387623134102859,225.0,13.398682540641822,562.0539999999999,67.93424789992142,34.460264700549956,0.0162114874
config1,equal,exp_equal3,321.2,448.55,358.4,93.75863801958143,58.54899999999999,17.88729763387298,67.351,15.146637608966373,0.0,0.0,13.650000000000006,0.42029887920299147,55.04899999999998,8.966376089663756,194.599,60.584993773349936,42.420610211706105,52.402000000000015,7.367963437743845,54.84899999999999,7.713744287147474,40.49799999999999,2.61977483000781,114.74999999999999,7.1559469401404545,77.25300000000004,6.955746293612737,339.752,75.74451008806155,31.813175788652316,62.69900000000002,10.253348214285714,58.799999999999955,9.654017857142856,0.0,0.0,47.599999999999994,5.705915178571426,90.298,13.210937499999996,259.39699999999993,72.3763950892857,38.824218749999986,0.0009514635
config1,equal,exp_equal4,983.25,1027.7,330.15,93.84853996324533,165.29799999999994,11.268344774980928,65.5990000000001,5.064124078311716,0.0,0.0,122.55100000000007,3.946198830409361,241.8,11.202644291889152,595.248,60.53882532418002,31.481311975591158,116.30099999999993,8.747689014303795,163.651,10.790989588401269,0.0,0.0,154.798,3.381239661379774,170.24699999999996,8.660017514838962,604.9969999999998,58.86902792643766,31.5799357789238,41.45,11.146145691352414,56.64999999999998,11.646524307133129,40.450000000000045,1.8930789035286992,50.998999999999995,4.921702256550052,28.298999999999978,7.25367257307284,217.84799999999998,65.98455247614721,36.861123731637136,0.0153455334
config1,equal,exp_equal5,1073.4,1081.6,1045.05,94.47526856944425,175.05099999999996,12.744363704117754,247.65499999999997,12.977082168809364,26.649999999999977,0.9642258244829428,47.74600000000002,2.0585988447922587,197.14999999999992,8.38382709148498,694.2519999999998,64.67784609651572,37.128097633687304,142.95199999999994,7.02718195266275,98.101,7.326738165680473,0.0,0.0,255.29799999999992,8.066475591715966,201.24700000000013,9.217363165680462,697.598,64.49685650887574,31.637758875739657,131.10000000000005,9.267881919525397,122.15100000000001,7.999425864791155,0.0,0.0,205.89699999999993,6.4444763408449495,218.95000000000002,8.98100569350749,678.0980000000001,64.88665614085451,32.69278981866899,0.0270019528
config1,equal,exp_equal6,367.0,396.7,324.951,91.42165109813546,65.35,15.383106267029973,56.5,10.81743869209809,0.0,0.0,11.849999999999994,0.4226158038147144,111.25000000000003,13.58365122615803,244.95000000000002,66.74386920980926,40.206811989100814,43.34800000000001,8.255356692714901,61.349999999999966,11.267456516259118,0.0,0.0,119.00099999999998,7.222082177968235,64.001,6.918830350390724,287.69999999999993,72.52331736828836,33.66372573733298,59.45000000000001,11.586362251539459,34.80000000000001,8.263091973866828,0.0,0.0,48.498999999999995,5.984594600416671,86.44999999999999,13.832854799646721,229.199,70.53340349775813,39.66690362546968,0.0011589378
config1,equal,exp_equal7,349.4,1144.15,1042.7,92.89851977560795,62.650999999999996,16.642243846594166,60.5,12.478820835718384,5.100999999999999,0.47223812249570046,12.25,0.4295935890097324,76.29899999999998,9.115626788780766,216.801,62.04951345163137,39.138523182598746,145.3499999999998,7.175545164532631,228.84500000000003,13.0667307608268,0.0,0.0,265.54999999999995,6.681641393173955,159.69800000000004,7.114539177555396,799.4429999999998,69.87221955163218,34.03845649608878,171.79999999999998,8.957034621655316,97.80200000000008,6.799654742495439,0.0,0.0,137.602,4.108947923659726,281.0499999999999,12.486621271698485,688.2539999999999,66.0069051500911,32.35225855950896,0.0202299505
config1,equal,exp_equal8,290.75,1045.75,972.451,94.31670603523852,62.94800000000001,18.847807394668962,60.851,14.358727429062766,13.199999999999989,1.4617368873602752,11.75099999999999,1.427687016337058,27.700000000000017,7.6175408426483315,176.45000000000002,60.68787618228719,43.713499570077396,137.34900000000005,9.877982309347384,155.7519999999999,9.161176189337793,24.75,0.0,166.2500000000001,3.762754004303125,139.45099999999996,7.539947406167818,623.552,59.62725316758308,30.341859909156124,135.9529999999999,8.848877732656998,117.101,8.823169496457918,0.0,0.0,110.497,3.6397720810611647,241.15000000000003,11.697144637621856,604.7009999999999,62.18318455120103,33.008963947797945,0.0166254584
config1,equal,exp_equal9,587.25,679.05,368.151,94.74041194986934,112.34700000000001,13.59761600681138,110.29999999999998,10.617624521072798,20.80000000000001,0.29748829289059414,20.299999999999955,1.2343976160068155,91.85099999999994,5.287356321839082,355.5979999999999,60.553086419753065,31.034482758620673,92.14999999999995,12.797290332081586,57.40100000000001,4.779029526544433,0.0,0.0,111.19800000000004,5.249392533686771,156.39900000000003,12.915249245269125,417.148,61.43111700169355,35.74096163758192,42.849999999999994,12.724941667956902,65.75,11.28694475907984,24.548999999999978,1.3850295123468486,74.80000000000001,4.56334493183503,10.100999999999999,5.174507199491516,218.04999999999998,59.228414427775554,35.13476807071014,0.0062807747
config1,reward,exp_reward1,799.6,1048.0,716.001,88.63207672316486,111.40000000000008,15.783391695847916,139.64999999999998,11.011880940470233,25.899999999999977,1.5695347673836861,49.05099999999996,2.4450975487743927,109.70000000000005,1.2321160580290185,435.701,54.48986993496749,32.042021010505245,75.35200000000006,4.890553435114512,158.351,9.246469465648875,10.048999999999978,0.0,46.247999999999976,1.5269083969465644,219.79999999999995,15.247900763358787,509.79999999999995,48.64503816793892,30.911832061068736,99.199,9.120098994275148,168.551,11.187135213498305,3.4499999999999886,0.04175971821268101,30.549999999999997,1.6694110762415162,225.651,8.895797631567596,527.4010000000001,73.65925466584545,30.914202633795245,0.006437771
config1,reward,exp_reward10,380.6,467.65,349.2,91.63484775860105,84.45100000000001,16.945874934314244,62.80000000000001,10.404624277456646,4.0,0.10509721492379853,29.149,3.060693641618497,61.400000000000034,8.145296899632154,241.80000000000007,63.531266421439845,38.66158696794533,44.89900000000003,7.00288677429702,51.19900000000001,6.800171068106487,0.0,0.0,209.651,12.595317010584845,50.89999999999998,4.340853202181121,356.649,76.26408638939378,30.739228055169477,44.8,11.583619702176401,62.40199999999999,11.826460481099657,3.298999999999978,0.0,38.3,4.940148911798397,61.351000000000056,8.891179839633416,210.15200000000002,60.18098510882017,37.24140893470787,0.000212579
config1,reward,exp_reward2,818.65,940.75,1088.5,88.62722051037497,126.54900000000002,15.80028095034508,180.90099999999995,9.845233005557933,0.0,0.0,54.99900000000005,2.559091186709833,44.0,5.722836376962074,406.44900000000007,49.64868991632567,33.92744151957492,73.84900000000002,4.464629285144836,162.0,9.05128886526708,13.099000000000046,0.0,45.04999999999998,1.7435025245814586,148.95099999999994,11.947701302152522,442.94899999999996,47.08466648950305,27.207121977145896,113.1,7.625080385852091,320.252,14.09728984841526,8.951000000000022,0.0,53.949,1.8372990353697758,135.60100000000006,8.989251263206244,631.8530000000001,58.04804777216353,32.54892053284337,0.0088649988
config1,reward,exp_reward3,873.15,524.8,960.25,85.50444483910651,116.20000000000003,14.785432056347702,91.79999999999995,8.314722556261806,0.0,0.0,54.85000000000005,2.3707266792647395,211.34999999999997,13.628471625722952,474.2,54.30911069117563,39.0993529175972,60.69999999999999,5.297256097560976,78.55099999999993,19.693216463414632,0.0,0.0,23.301000000000002,1.4576981707317085,104.29999999999998,17.987423780487795,266.85199999999986,50.84832317073168,44.43559451219511,117.60000000000002,9.21103879198125,278.59999999999997,13.528039573027863,0.0,0.0,58.89899999999997,2.1244467586566036,205.25,4.982973184066642,660.3489999999999,68.76844571726113,29.84649830773236,0.0065580821
config1,reward,exp_reward4,634.0,625.2,368.3,93.78578623596489,95.10100000000003,13.516561514195592,133.801,11.62429022082018,21.649999999999977,1.5619873817034642,61.047999999999945,2.2635646687697,65.94999999999999,5.267665615141954,377.5499999999999,59.55047318611986,34.234069400630894,96.9990000000001,8.797344849648104,89.45100000000002,7.830134357005763,0.0,0.0,188.8,7.9096289187460025,106.65199999999999,7.965770953294939,481.9020000000001,77.07965451055664,32.50287907869481,63.19900000000001,10.086885691012759,57.09899999999999,9.883790388270436,0.0,0.0,47.79899999999999,5.2943252783057275,96.749,13.495519956557148,264.846,71.91039913114308,38.760521314146075,0.0099407956
config1,reward,exp_reward5,390.2,536.0,355.85,91.40699052721513,94.95,17.36212198872373,62.149,11.04536135315222,0.0,0.0,29.399,4.356483854433615,61.599999999999994,8.904920553562272,248.09799999999998,63.5822655048693,41.668887749871836,43.70199999999999,6.09179104477612,57.10000000000002,8.424253731343294,0.0,0.0,218.743,11.464552238805977,71.399,6.511194029850753,390.944,72.93731343283582,32.49179104477614,48.14800000000001,11.506252634537017,51.25,10.074188562596596,0.0,0.0,77.10199999999998,6.211043979204714,46.89999999999998,6.815231136714894,223.39999999999998,62.77926092454685,34.60671631305323,0.0008160854
config1,reward,exp_reward6,382.7,429.4,348.801,91.5676420255042,72.85,16.513457015939377,67.19999999999999,10.385941991115768,0.0,0.0,28.55000000000001,3.383067677031615,91.54800000000003,13.248497517637805,260.148,67.97700548732689,43.53096420172457,49.65099999999998,7.685607824871917,57.900000000000034,8.350023288309266,0.0,0.0,102.0,6.462738705170001,76.49900000000002,11.167210060549618,286.05000000000007,66.61620866325107,33.6655798789008,46.04900000000001,12.91739415884702,59.702,11.296125871198768,0.0,0.0,53.75099999999999,3.7841061235489573,62.649,8.128417063024477,222.151,63.689897678045654,36.12604321661922,0.0036989881
config1,reward,exp_reward7,339.55,460.85,419.95,94.75194305017598,70.79800000000002,18.140774554557503,61.150000000000006,12.575467530555143,32.60000000000002,3.622441466647036,27.400000000000006,4.226181711088207,29.94999999999999,7.185981446031513,221.89800000000005,65.35061110293037,45.7508467088794,43.349999999999994,6.780731257459043,109.79999999999995,11.218400781165254,0.0,0.0,129.85,6.553108386676791,38.999000000000024,7.963979602907651,321.99899999999997,69.87067375501789,32.516220028208735,46.79900000000001,8.726753184902964,54.69900000000001,7.750684605310151,0.0,0.0,47.55,3.345874508870101,149.34999999999997,14.883676628170017,298.39799999999997,71.05560185736397,34.706988927253235,0.0013002688
config1,reward,exp_reward8,336.85,355.65,421.7,94.91977525913506,53.99999999999999,16.32833605462372,65.09799999999998,13.255158082232457,33.149,0.20780762950868,21.799999999999997,1.959625946266884,18.850000000000023,5.952501113255171,192.897,57.26495472762357,37.70342882588691,46.75,9.01166877548152,22.101,8.491213271474761,0.7509999999999764,0.2111626599184525,128.601,10.03880219316744,59.14900000000006,8.617179811612546,257.35200000000003,72.36102910164489,36.37002671165472,73.09900000000002,9.544937159117854,67.59899999999999,6.640265591652829,0.0,0.0,61.0,4.020156509366849,124.34899999999999,11.987668958975588,326.047,77.31728717097464,32.193028219113124,0.0008765979
config1,reward,exp_reward9,694.0,571.3,423.4,94.33421754650479,106.10199999999993,11.82334293948126,103.59899999999996,9.88515850144091,0.0,0.15129682997118318,19.399,1.0587896253602305,113.951,9.034726224783856,343.05099999999993,49.430979827089324,31.95331412103744,75.99999999999994,9.618414143182216,50.750999999999976,5.522492560826174,0.0,0.0,104.59900000000005,6.309994748818483,121.89900000000003,9.76772273761597,353.249,61.83248730964468,31.218624190442842,44.7,10.829003306565891,63.20000000000002,7.321209258384512,0.0,0.0,69.401,4.593528578176668,104.0,8.963391591875288,281.30100000000004,66.4385923476618,31.70713273500236,0.0077735521
config2,equal,exp_equal1,1016.2,871.75,535.4,87.52341526998373,182.60000000000008,10.804959653611533,44.149999999999864,3.8919504034638917,0.0,0.6248769927179684,45.300000000000026,3.6360952568391958,451.55,9.343633143082087,723.5999999999999,71.20645542216097,28.301515449714678,125.20000000000002,7.897906509893857,65.50000000000006,3.0111843991970075,25.80000000000001,1.7321479782047566,21.899999999999977,2.581015199311703,172.70000000000005,10.404359047892116,411.10000000000014,47.158015486091216,25.626613134499443,114.85,14.223010833022046,29.950000000000045,0.7284273440418549,21.100000000000023,3.0911468061262575,30.100000000000023,6.004856182293616,113.99999999999997,7.48972730668658,310.00000000000006,57.900635039223026,31.537168472170354,0.0024744214
config2,equal,exp_equal10,561.6,872.4,687.25,88.3728921346424,116.3,14.467592592592585,100.25,6.383547008547008,12.699999999999989,1.5224358974359045,49.90000000000002,6.5081908831908795,98.10000000000002,6.8465099715099695,377.25000000000006,67.17414529914531,35.72827635327634,238.15000000000003,11.307886290692327,38.0,2.5848234754699826,28.69999999999999,1.1233379183860563,21.399999999999977,2.5275103163686277,319.85000000000014,10.729023383768919,646.1000000000001,74.06006419073822,28.272581384685907,127.60000000000002,10.432884685340142,57.75,3.484903601309566,40.94999999999999,3.5794834485267315,21.600000000000023,4.488905056384117,98.80000000000001,4.4670789377955895,346.70000000000005,50.447435431065855,26.453255729356144,0.0028432803
config2,equal,exp_equal2,715.95,752.05,656.05,89.16613687850896,126.85000000000008,15.929883371743811,81.44999999999993,7.02563028144424,12.699999999999989,1.180250017459318,51.25,5.440324044975195,140.30000000000007,7.102451288497811,412.55000000000007,57.62273901808786,36.67853900412037,122.19999999999999,9.400970680140931,74.39999999999998,4.8401037165082,92.25,4.0156904461139575,20.850000000000023,3.5502958579881536,246.39999999999998,5.850674822152789,556.0999999999999,73.94455155907187,27.657735522904034,113.74999999999999,10.723268043594214,35.900000000000034,3.505830348296624,15.750000000000028,0.8535934761070075,29.549999999999955,4.953890709549574,130.39999999999992,9.237100830729352,325.3499999999999,49.59225668775245,29.27368340827677,0.0029504756
config2,equal,exp_equal3,788.95,537.8,672.65,86.60356832114806,169.94999999999993,11.882882311933603,39.10000000000005,5.88123455225298,9.0,0.19012611699093732,47.80000000000005,4.943279041764382,243.8,9.595031370809282,509.65000000000003,64.59851701628747,32.49255339375118,141.89999999999992,15.396058014131638,33.25,0.9204165117144005,20.55000000000001,3.319077724060991,21.100000000000023,4.230197099293411,112.5,8.237262923019726,329.29999999999995,61.23094087021197,32.10301227222016,100.10000000000005,8.59287891176691,116.80000000000001,8.132015163903969,59.94999999999999,2.653683193339779,20.899999999999977,4.452538467256398,75.14999999999995,4.2964394558834424,372.9,55.437448896156994,28.1275551921505,0.0027184577
config2,equal,exp_equal4,750.9,1002.85,631.9,88.24971949978246,123.99999999999991,10.727127447063525,30.25,0.6325742442402451,40.849999999999966,1.6979624450659172,50.40000000000006,5.400186442935139,307.25000000000006,11.226528166200538,552.75,73.61166600079905,29.684378745505366,121.30000000000014,7.857605823403318,68.30000000000007,2.8169716308520916,12.449999999999932,2.1638330757341664,22.449999999999932,2.1289325422545806,331.9500000000001,14.663209851922037,556.4500000000002,55.4868624420402,29.630552924166192,124.24999999999997,12.747270137679992,34.44999999999999,0.7358759297357141,16.05000000000001,2.563696787466374,22.300000000000068,4.438993511631558,216.55,5.61797752808987,413.6,65.45339452445008,26.10381389460351,0.0029041537
config2,equal,exp_equal5,575.05,710.45,786.9,88.10276904369607,128.34999999999994,15.207373271889406,46.150000000000034,4.286583775323881,17.599999999999966,1.3129293104947417,48.90000000000005,6.434223111033806,75.4,5.608207981914601,316.4,55.02130249543518,32.849317450656436,103.20000000000007,9.78956999085086,52.39999999999998,3.9059750862129596,37.80000000000001,4.975719614328944,22.25,3.0544021394890657,161.15000000000003,7.3756070096417545,376.80000000000007,53.036807657118736,29.101273840523586,122.1499999999999,9.359512009149785,41.44999999999993,6.436650146143083,15.600000000000023,2.789426864912952,21.899999999999977,3.615453043588746,185.4,7.027576566272749,386.4999999999999,49.11678739356969,29.228618630067317,0.0028186927
config2,equal,exp_equal6,692.6,872.15,825.6,89.11478686747822,132.60000000000016,16.142073346809156,43.10000000000002,0.9673693329483173,4.25,1.2416979497545637,45.25,5.363846375974634,151.2,6.049667917990199,376.4000000000002,54.34594282414095,29.76465492347687,133.59999999999985,8.805824686120511,115.29999999999995,6.736226566530993,28.85000000000008,2.6084962449120037,20.949999999999932,2.6600928739322,184.25000000000006,7.642034053775155,482.9499999999999,55.37464885627471,28.452674425270864,154.04999999999998,11.730862403100792,34.700000000000045,2.797965116279059,9.200000000000045,1.0780038759689963,46.94999999999993,5.2991763565891326,228.59999999999997,9.471899224806213,473.5,57.35222868217054,30.377906976744192,0.0049013007
config2,equal,exp_equal7,908.2,840.6,571.7,88.23597844573132,142.04999999999995,7.294648755780677,26.399999999999977,2.284739044263378,13.599999999999994,0.9524333847170232,46.55000000000007,3.9748953974895467,439.65,8.918740365558271,668.25,73.57960801585554,23.425456947808897,114.15000000000012,8.993576017130643,63.85000000000002,2.831310968355934,13.449999999999989,1.451344277896739,22.300000000000068,2.5636450154651413,180.55000000000024,9.368308351177694,394.3000000000004,46.90697121103978,25.208184630026153,119.55000000000001,13.319923036557597,32.5,0.6384467377995511,16.5,2.90362078012944,26.300000000000068,5.50988280566732,148.7,6.157075389190127,343.55000000000007,60.09270596466679,28.528948749344035,0.0025190862
config2,equal,exp_equal8,669.7,553.85,758.85,87.00880341530193,135.75,14.439301179632665,49.80000000000001,4.95744363147677,28.19999999999999,4.442287591458862,49.00000000000007,5.56219202628043,98.30000000000001,8.399283261161726,361.05000000000007,53.912199492309995,37.80050769001045,124.50000000000007,12.65685654960729,43.30000000000001,5.759682224429003,13.900000000000034,0.7222172068249552,26.299999999999955,4.477746682314704,151.29999999999995,6.960368330775488,359.3,64.87316060305136,30.576870993951434,152.14999999999995,10.252355537985103,77.15,5.995914871186671,12.499999999999972,0.44804638597878443,30.350000000000023,4.177373657508047,143.4,7.788100415101804,415.54999999999995,54.760492851024566,28.661790867760413,0.0028723287
config2,equal,exp_equal9,556.4,989.5,525.0,88.92437736695078,152.40000000000003,15.168943206326395,32.80000000000001,0.6649892163910938,22.5,4.663910855499644,51.250000000000014,7.33285406182603,63.39999999999998,7.00035945363047,322.35,57.934938892882826,34.83105679367363,166.69999999999996,7.993936331480544,65.19999999999993,2.3850429509853543,10.600000000000023,1.7635169277412868,22.699999999999932,2.1374431531076437,300.75,12.526528549772651,565.9499999999998,57.195553309752384,26.80646791308748,97.35,13.019047619047623,17.399999999999977,0.5428571428571364,38.69999999999999,3.361904761904763,20.80000000000001,6.647619047619023,163.10000000000002,9.733333333333311,337.35,64.25714285714285,33.304761904761854,0.0026324028
config2,reward,exp_reward1,1029.65,633.55,1076.4,87.82168782538078,132.00000000000003,8.080415675229428,34.69999999999993,2.2726169086583017,14.499999999999943,1.291701063468167,45.99999999999997,3.671150390909547,253.75000000000003,9.97426309911132,480.94999999999993,46.71004710338463,25.290147137376763,119.74999999999991,11.514481887775236,101.24999999999994,4.537921237471392,26.599999999999966,4.553705311340861,21.300000000000068,3.5514166206297957,70.35000000000004,5.453397521900412,339.2499999999999,53.5474706021624,29.610922579117695,108.1000000000001,6.661092530657761,21.399999999999977,1.5328874024526198,0.0,0.3530286138981788,24.749999999999886,3.065774804905243,667.05,11.454756596060957,821.3,76.30063173541434,23.06753994797476,0.0025382531
config2,reward,exp_reward10,572.9,852.65,535.6,88.28312347533853,116.79999999999994,14.583696980275796,28.100000000000023,0.925117821609358,18.19999999999999,1.5709547914121138,47.85000000000002,6.755105603072122,186.55,9.530459067900168,397.5,69.3838366207017,33.365334264269556,232.85,10.455638304110712,72.04999999999998,3.2721515275904607,19.44999999999999,0.785785492288744,22.0,2.6212396645751643,178.89999999999992,8.68468891104207,525.2499999999999,61.60206415293495,25.81950389960715,114.2,14.273711725168017,33.400000000000034,0.7094846900672165,32.20000000000002,3.622106049290519,26.149999999999977,5.974607916355492,91.59999999999997,5.367811799850645,297.54999999999995,55.55451829723673,29.947722180731887,0.0027629903
config2,reward,exp_reward2,797.65,856.1,714.65,94.54056214308186,123.4499999999999,11.546417601705034,16.200000000000045,2.9900332225913653,48.200000000000045,2.5825863473954773,47.40000000000007,4.7451889926659545,220.35,9.810067072024074,455.6,57.11778348899894,31.6742932363819,132.45000000000005,8.281742787057594,83.49999999999997,4.240158859946263,12.5,1.5243546314682876,94.10000000000002,6.325195654713245,136.40000000000003,5.332320990538484,458.9500000000001,53.60939142623526,25.70377292372387,152.09999999999997,12.299727139159048,41.19999999999999,1.1334219548030458,18.950000000000045,2.5816833414958356,44.55000000000008,6.1988385923179194,147.85000000000008,9.22129713845936,404.65000000000015,56.62212271741414,31.434968166235212,0.0049410579
config2,reward,exp_reward3,919.95,768.55,672.8,89.27070388342912,127.9000000000001,8.8048263492581,40.450000000000045,3.0164682863199084,11.350000000000023,1.6576987879776075,44.949999999999974,4.4350236425892735,255.30000000000007,9.848361323985001,479.9500000000002,52.17131365835102,27.76237839012989,122.25000000000003,7.390540628456197,22.199999999999932,0.6765987899290784,31.649999999999977,1.606922126081576,21.899999999999977,2.9471081907488395,444.45000000000005,11.469650640817155,642.4499999999999,83.59247934421963,24.09082037603285,125.90000000000002,9.75772889417358,62.44999999999993,5.112960760998808,26.75000000000003,1.8802021403091524,28.449999999999932,4.600178359096301,117.65000000000003,5.343341260404292,361.19999999999993,53.68608799048751,26.694411414982135,0.0025503738
config2,reward,exp_reward4,755.1,546.9,754.85,92.63858175194711,112.74999999999994,9.296781883194258,21.84999999999991,4.482849953648526,0.0,0.7085154284200798,46.0500000000001,4.900013243279054,207.6,8.204211362733403,388.24999999999994,51.41703085684014,27.592371871275322,113.44999999999995,10.248674346315605,24.5,0.9965258731029418,6.899999999999977,1.5816419820808125,21.30000000000001,4.260376668495166,255.30000000000004,11.10806363137687,421.44999999999993,77.06162004022673,28.1952825013714,156.00000000000006,9.167384248526195,75.24999999999994,4.312114989733065,28.30000000000004,1.7089487977743967,90.60000000000002,7.080876995429606,81.95000000000002,3.808703715970053,432.10000000000014,57.24316089289265,26.07802874743332,0.0025633681
config2,reward,exp_reward5,650.0,753.1,897.5,89.11969359848669,128.39999999999998,14.515384615384619,36.69999999999999,3.392307692307685,10.599999999999966,1.0692307692307719,51.35000000000005,6.169230769230731,125.00000000000003,8.838461538461546,352.05,54.16153846153846,33.98461538461536,118.14999999999992,9.407781171159211,82.75000000000003,7.296507767892727,63.599999999999966,2.6888859381224406,21.950000000000045,2.848227327048207,188.10000000000002,9.819413092550798,474.54999999999995,63.01288009560482,32.06081529677338,204.39999999999998,16.19498607242341,41.94999999999999,2.835654596100271,25.200000000000045,3.275766016713147,45.99999999999993,4.986072423398324,30.5,2.2284122562674096,348.04999999999995,38.77994428969359,29.520891364902564,0.004911554
config2,reward,exp_reward6,352.8,674.75,792.25,88.84443565899662,69.15,11.437074829931957,55.54999999999998,7.950680272108838,16.5,2.0266439909297067,29.05,8.64512471655329,31.650000000000034,5.980725623582773,201.90000000000003,57.22789115646259,36.04024943310656,111.20000000000005,8.714338643942176,40.55000000000001,4.283067802889956,26.0,3.038162282326777,22.600000000000023,3.112263801407956,216.14999999999992,9.996294924045946,416.5,61.72656539459059,29.144127454612814,144.79999999999987,16.446828652571767,43.05000000000007,3.2060586935942195,13.199999999999932,0.7762701167560716,44.45000000000002,5.591669296307951,60.650000000000034,4.81539917955192,306.1499999999999,38.643105080467016,30.836225938781933,0.0036541726
config2,reward,exp_reward7,831.0,740.3,469.7,88.42740626141662,143.7000000000002,11.155234657039724,34.75,2.7797833935017877,13.699999999999932,1.1853188929001128,48.200000000000024,4.458483754512646,297.04999999999995,12.864019253910973,537.4000000000001,64.66907340553551,32.44283995186524,103.99999999999996,8.098068350668665,140.95000000000007,6.004322571930278,61.94999999999993,3.8565446440632214,21.65000000000009,2.9717682020802347,155.64999999999995,9.347561799270553,484.20000000000005,65.40591652032961,30.27826556801295,105.94999999999996,13.18926974664681,63.49999999999997,1.3625718543751282,28.850000000000023,3.5767511177347266,21.69999999999999,6.36576538215883,87.80000000000001,9.069618905684488,307.79999999999995,65.53119012135404,33.56397700659998,0.002712962
config2,reward,exp_reward8,701.75,882.25,651.05,94.34445347175723,125.05000000000001,14.442465265407872,123.30000000000001,9.34805842536517,34.19999999999999,2.8713929462059142,50.80000000000005,5.457784111150694,95.44999999999999,4.531528322051998,428.80000000000007,61.1043819023869,36.65122907018165,170.20000000000002,9.260413714933422,42.25,4.222159251912711,37.14999999999998,0.9974497024652904,92.60000000000014,5.724001133465561,239.7,6.313403230376885,581.9000000000001,65.95636157551715,26.51742703315387,134.80000000000007,12.748636817448718,40.94999999999999,3.294677828123799,17.30000000000001,1.390062207203754,22.399999999999977,4.423623377620787,110.30000000000001,5.598648337301282,325.75000000000006,50.03455955763768,27.45564856769834,0.0027892345
config2,reward,exp_reward9,739.85,900.15,596.3,89.04776989274379,135.94999999999993,11.759140366290472,96.75,5.636277623842677,21.650000000000034,4.372507940798825,48.399999999999935,4.9537068324660645,60.400000000000034,4.480637967155505,363.1499999999999,49.08427383929174,31.202270730553543,184.2,8.287507637615926,61.350000000000136,2.5384658112536824,5.0,0.28884074876409427,21.75,2.532911181469758,364.3499999999999,12.031328111981352,636.6500000000001,70.72710103871577,25.679053491084815,99.39999999999998,9.508636592319297,67.60000000000002,5.517357035049458,129.24999999999997,6.540332047627034,21.549999999999955,4.938789200067095,35.150000000000034,2.490357202750288,352.95,59.190005031024654,28.995472077813172,0.0027419822
config3,equal,exp_equal1,486.8,636.65,514.2,86.79670192856494,106.84999999999998,9.141331142152819,43.150000000000006,4.817173377156947,31.649999999999977,4.72473294987674,18.0,1.4790468364831528,50.5,7.025472473294989,250.14999999999998,51.38660640920295,27.187756778964648,159.4,8.191313908741076,94.59999999999997,7.00541899002592,100.60000000000001,9.848425351448986,25.200000000000045,0.6125814811906214,13.450000000000003,1.7199403125736277,393.25,61.76863268671955,27.377680043980227,201.40000000000003,9.801633605600939,62.549999999999955,5.3481135744846355,15.5,4.68689225982108,22.5,1.828082458187471,30.95000000000001,5.523142746013226,332.9,64.7413457798522,27.187864644107353,0.0005542875
config3,equal,exp_equal10,461.6,571.55,552.1,85.62650606198352,151.10000000000002,11.200173310225297,43.75,5.3726169844020815,50.99999999999997,4.917677642980945,21.25,1.9280762564991285,52.1,6.8890814558058935,319.20000000000005,69.15077989601387,30.307625649913344,212.3,11.661271979704322,40.39999999999998,4.496544484297085,39.35000000000002,5.581313970781195,27.94999999999999,1.977079870527515,31.649999999999977,1.9683317295074787,351.65,61.525675793893804,25.684542034817596,182.80000000000007,9.654048179677563,43.49999999999997,4.573446839340699,56.30000000000001,5.460967216084043,39.849999999999966,1.4942945118637927,23.45,4.555334178590835,345.9,62.65169353378011,25.73809092555693,0.0004926518
config3,equal,exp_equal2,606.05,546.95,480.85,85.4707203166116,217.54999999999995,11.319198085966477,41.900000000000034,5.337843412259718,48.25,3.522811649203851,29.75,1.9222836399636958,52.69999999999999,5.882352941176472,390.15,64.37587657784012,27.984489728570217,231.3500000000001,11.81095164091783,58.80000000000001,5.92375902733342,25.55000000000001,3.5560837370874774,12.800000000000011,0.4753633787366449,15.349999999999955,1.9928695493189499,343.8500000000001,62.86680683791938,23.759027333394325,144.9000000000001,12.87303732972861,46.099999999999966,6.59249246126651,46.55000000000001,4.991161484870547,22.049999999999955,0.8214619943849409,23.549999999999997,5.30310907767495,283.15000000000003,58.88530726837892,30.581262347925563,0.0005924334
config3,equal,exp_equal3,420.75,539.15,615.45,86.9649687105347,102.10000000000001,10.909090909090912,45.75,5.977421271538913,44.49999999999997,7.248960190136648,21.80000000000001,1.5923945335710015,48.3,7.890671420083186,262.45,62.3767082590612,33.61853832442066,151.45,9.348047853102127,72.39999999999998,9.023462858202734,53.45,6.371139757024949,36.14999999999998,1.7527589724566426,13.600000000000012,1.9753315403876468,327.04999999999995,60.660298618195306,28.4707409811741,250.7000000000001,9.51336420505323,43.849999999999966,3.761475343244776,94.20000000000002,8.627833292712642,26.049999999999955,1.2104963847591175,26.800000000000008,4.0945649524737995,441.6000000000001,71.75237631001707,27.207734178243566,0.0007728748
config3,equal,exp_equal4,404.55,528.6,464.7,86.67412362201999,117.20000000000006,12.631318749227525,44.05000000000001,6.093189964157715,31.55000000000001,3.176368804844881,21.599999999999966,1.940427635644535,63.849999999999994,8.81226053639847,278.25,68.78012606599926,32.653565690273126,161.85,9.317063942489598,43.099999999999994,5.0983730609156295,110.75,9.004918653045774,24.55000000000001,1.182368520620507,14.5,2.289065455921302,354.75,67.11123723041997,26.89178963299281,181.8,8.919733161179252,44.69999999999999,4.83107381106089,43.400000000000034,4.723477512373566,28.749999999999986,1.8291370776845215,23.650000000000002,5.508930492791048,322.3,69.3565741338498,25.812352055089278,0.001646923
config3,equal,exp_equal5,696.15,497.7,595.5,87.63722795344766,193.99999999999994,9.064138475903187,90.45000000000005,7.591754650578179,41.25,4.582345758816348,22.550000000000068,0.9983480571715931,55.3,4.776269482151835,403.55000000000007,57.968828557063866,27.01285642462114,147.2,10.267229254571028,42.69999999999999,5.465139642354836,51.19999999999996,5.776773156519998,16.25,1.034759895519396,15.499999999999964,2.3709061683745243,272.84999999999985,54.82218203737188,24.91480811733978,188.20000000000005,9.966414777497913,43.64999999999998,3.8874895046179643,102.0,8.0688497061293,44.549999999999926,1.528127623845495,23.95,4.198152812762385,402.34999999999997,67.56507136859781,27.64903442485306,0.0030189524
config3,equal,exp_equal6,527.15,498.65,530.6,87.50629291909588,164.79999999999998,6.734326093142375,43.75,4.66660343355781,38.5,3.3576780802428132,47.85000000000002,2.2384520534952124,54.45,6.269562743052261,349.34999999999997,66.27145973631794,23.266622403490473,147.95,10.327885290283765,42.599999999999994,6.708111902135776,48.95,5.926000200541473,43.85000000000002,3.2989070490323966,13.599999999999966,2.1859019352251075,296.95,59.550787125238145,28.446806377218525,160.10000000000002,10.516396532227661,45.19999999999999,6.473803241613256,42.400000000000034,4.136826234451573,23.850000000000023,0.26385224274405905,36.949999999999974,4.796456841311723,308.50000000000006,58.141726347531105,26.18733509234827,0.0002151426
config3,equal,exp_equal7,414.1,492.15,531.45,85.50121233575895,125.55000000000001,14.392658778072917,46.099999999999994,6.2907510263221464,36.14999999999998,3.2721564839410795,20.850000000000023,1.762859212750546,63.3,8.6573291475489,291.95,70.50229413185221,34.375754648635585,165.89999999999998,10.11886619932949,42.099999999999994,5.120390124961894,46.150000000000034,5.770598394798335,35.30000000000001,2.5601950624809557,13.149999999999977,2.163974398049375,302.6,61.48531951640761,25.734024179620047,191.55000000000007,7.441904224292031,42.599999999999994,4.214883808448568,52.200000000000045,6.134161256938563,28.400000000000034,0.8561482735911314,26.849999999999962,4.722927838931225,341.60000000000014,64.27697807884093,23.37002540220152,0.0019120517
config3,equal,exp_equal8,412.95,477.65,375.0,85.02675378065685,114.44999999999999,11.224119142753386,44.29999999999998,6.1871897324131275,38.24999999999997,5.4122775154377,27.69999999999999,3.3175929289260173,49.500000000000014,7.749122169754208,274.19999999999993,66.40029059208135,33.89030148928445,167.20000000000002,11.127394535747907,53.45000000000002,5.527059562441119,52.60000000000001,4.553543389511152,24.55000000000001,1.5387836281796343,18.899999999999967,2.2924735685125093,316.70000000000005,66.3037789176175,25.03925468439232,156.85,12.853333333333312,40.0,6.666666666666674,29.349999999999994,4.506666666666668,21.30000000000001,1.039999999999994,23.549999999999997,6.8,271.05,72.28,31.866666666666646,0.0005829664
config3,equal,exp_equal9,758.7,617.0,550.85,85.36358012835565,343.30000000000007,16.14603927771187,48.099999999999966,4.969025965467245,39.50000000000006,1.9375247133254234,19.09999999999991,1.107156979043097,63.6,4.395676815605641,513.6,67.69474100434954,28.555423751153278,264.65,9.554294975688817,44.150000000000034,4.837925445705028,38.049999999999926,2.8849270664505693,32.05000000000001,1.7666126418152222,21.000000000000018,1.507293354943274,399.8999999999999,64.81361426256076,20.55105348460291,222.3,13.642552418988831,42.05000000000001,4.68367069075066,44.69999999999999,5.001361532177545,22.600000000000023,0.7443042570572792,23.35,4.565671235363529,355.00000000000006,64.44585640373968,28.637560134337846,0.0005588689
config3,reward,exp_reward1,405.9,433.85,544.95,84.56645714695935,103.99999999999999,10.901699926090181,42.25,7.317073170731706,37.70000000000002,4.262133530426209,20.55000000000001,1.4905149051490543,50.1,8.06848977580685,254.60000000000002,62.72480906627249,32.039911308204,121.9,10.833237293995625,42.70000000000002,5.6471130575083555,49.35000000000002,6.695862625331348,22.30000000000001,1.359917022012224,15.75,2.512389074564941,252.00000000000006,58.084591448657385,27.048519073412493,204.7500000000001,10.010092669052206,45.849999999999966,5.835397742912201,46.14999999999998,7.064868336544632,23.649999999999977,0.908340214698594,23.449999999999996,4.670153225066519,343.85,63.097531883659045,28.48885218827415,0.0009452744
config3,reward,exp_reward10,393.0,452.45,625.85,84.56762338809797,122.55000000000004,13.931297709923646,44.55000000000001,6.157760814249362,12.650000000000034,3.0407124681933815,15.599999999999966,0.9923664122137347,54.14999999999999,8.61323155216285,249.50000000000006,63.486005089058544,32.73536895674297,148.45,11.780307216266971,43.30000000000001,5.227096916786387,49.450000000000045,5.890153608133491,23.05000000000001,1.3592662172615708,18.950000000000024,2.4975135374074533,283.2000000000001,62.59255166316723,26.75433749585587,213.30000000000004,8.300711032995139,45.30000000000001,4.0584804665654675,50.39999999999998,4.873372213789247,33.8,1.4220659902532498,24.599999999999998,3.882719501477989,367.40000000000003,58.70416233921866,22.537349205081092,0.0025739213
config3,reward,exp_reward2,415.0,475.65,564.6,85.53957319970013,104.4,10.02409638554217,43.650000000000006,5.313253012048189,39.94999999999999,5.542168674698795,21.5,1.7831325301204763,49.599999999999994,8.048192771084338,259.1,62.43373493975904,30.71084337349397,140.99999999999994,8.882581730263862,43.5,5.287501313991381,54.050000000000026,6.6540523494165775,23.350000000000023,1.3245033112582807,13.949999999999996,2.2390413118889936,275.84999999999997,57.99432355723746,24.387680016819097,229.0,10.812964930924547,43.5,5.056677293659219,41.19999999999999,3.010981225646485,23.30000000000001,0.9387176762309619,23.449999999999996,4.472192702798441,360.45,63.84165781083953,24.29153382925966,0.0005863963
config3,reward,exp_reward3,517.2,425.25,540.15,86.62449929419074,121.45000000000005,8.981051817478725,42.55000000000001,5.288089713843778,44.55000000000001,6.312838360402172,30.149999999999977,1.4307811291569947,57.4,6.921887084300078,296.1,57.25058004640371,28.934648105181747,138.90000000000003,12.32216343327455,44.29999999999998,6.396237507348623,43.64999999999998,8.206937095825985,22.349999999999966,1.3286302175191012,12.850000000000001,2.527924750146972,262.04999999999995,61.62257495590828,30.781893004115236,177.95,8.25696565768767,42.64999999999998,4.054429325187444,110.40000000000003,9.339998148662417,0.05000000000001137,0.0,52.349999999999994,5.257798759603808,383.4,70.98028325465148,26.909191891141344,0.0008896326
config3,reward,exp_reward4,665.1,574.6,507.2,86.11011542812548,207.64999999999998,12.18613742294396,42.349999999999966,4.134716583972343,34.89999999999998,2.8717486092316977,19.800000000000068,1.766651631333634,80.20000000000002,9.682754473011578,384.9,57.87099684258006,30.642008720493212,266.0,12.747998607727114,42.14999999999998,4.159415245388102,39.24999999999994,3.750435085276711,21.350000000000023,1.1573268360598636,15.199999999999992,1.9143752175426374,383.94999999999993,66.82039679777235,23.72955099199443,151.2,10.912854889589896,41.75,3.755914826498425,48.69999999999999,6.141561514195567,21.25,0.7590694006309193,23.749999999999996,4.978312302839117,286.65,56.516167192429016,26.547712933753928,0.0006503474
config3,reward,exp_reward5,522.7,487.8,695.3,89.05849092679814,111.65000000000006,10.130093744021421,45.19999999999999,4.4384924430839785,104.5,7.604744595370192,37.05000000000001,2.114023340348194,57.3,6.542950066960016,355.70000000000005,68.05050698297303,30.830304189783803,135.64999999999998,9.21484214842147,44.349999999999966,7.380073800738007,76.30000000000001,8.640836408364091,20.149999999999977,0.7892578925789188,17.550000000000047,2.419024190241901,294.0,60.270602706027056,28.444034440344385,210.75,12.49101107435641,43.799999999999955,3.3366891989069534,42.10000000000002,3.7322019272256646,22.75,1.0714799367179701,37.350000000000016,8.291385013663167,356.75,51.308787573709196,28.92276715087017,0.0006617855
config3,reward,exp_reward6,527.55,673.1,547.5,85.46306949421427,111.54999999999998,8.586863804378742,45.80000000000001,5.354942659463559,36.69999999999999,8.169841721163875,27.599999999999966,1.50696616434461,56.900000000000006,6.312197895934035,278.54999999999995,52.80068239977253,29.93081224528482,199.1,8.104293567077667,43.89999999999998,4.887832417174256,61.74999999999997,8.252859901946216,24.5,0.9879661268756466,12.649999999999999,1.5748031496062995,341.8999999999999,50.79482989154656,23.807755162680085,238.10000000000002,11.077625570776254,42.89999999999998,4.7123287671233,64.79999999999998,4.94063926940639,25.05000000000001,1.5433789954337982,26.299999999999955,4.566210045662101,397.1499999999999,72.53881278538812,26.840182648401846,0.0004707321
config3,reward,exp_reward7,552.0,389.2,697.65,94.89214245288322,112.69999999999999,8.432971014492756,43.150000000000006,5.2898550724637765,123.29999999999998,6.9565217391304355,42.25000000000006,3.4601449275362257,57.84999999999998,6.213768115942028,379.25,68.70471014492753,30.35326086956522,130.69999999999996,11.202466598150064,50.94999999999999,6.2307297019527095,32.94999999999999,3.3273381294963964,20.149999999999977,1.2846865364850977,16.300000000000026,2.8006166495375124,251.04999999999995,64.50411099691675,24.84583761562178,264.70000000000005,9.632337131799627,43.30000000000001,3.468788074249268,48.35000000000002,4.249982082706225,85.09999999999998,7.267254353902368,23.549999999999997,3.698129434530208,465.00000000000006,66.65233283164912,28.3164910771877,0.0009213815
config3,reward,exp_reward8,446.6,472.1,531.55,84.78864284883495,112.05,11.91222570532916,43.650000000000006,6.896551724137927,46.39999999999998,6.459919390953872,24.05000000000001,1.5562024182713812,56.2,7.960143304970889,282.34999999999997,63.222122704881315,34.78504254366323,136.35000000000002,9.087057826731627,61.70000000000002,6.259267104427024,20.349999999999994,4.967167972887094,20.19999999999999,1.4085998729082772,18.300000000000022,2.160559203558568,256.90000000000003,54.41643719550943,23.88265198051259,186.34999999999997,9.434672185118991,42.35000000000002,5.3993039224908275,44.950000000000045,5.64387169598345,24.600000000000023,1.7590066785815113,32.30000000000001,4.675007054839621,330.55000000000007,62.18605963691094,26.911861537014403,0.0007841876
config3,reward,exp_reward9,483.0,401.75,586.3,85.16441044977128,125.65,10.445134575569378,44.849999999999994,4.968944099378882,49.85000000000002,4.710144927536238,20.899999999999977,1.790890269151134,56.45,7.194616977225673,297.7,61.63561076604555,29.109730848861307,130.05,11.337896701929063,44.29999999999998,6.645924082140632,38.550000000000026,4.915992532669571,19.80000000000001,1.2445550715619167,14.849999999999977,2.6509023024268816,247.55,61.617921593030495,26.795270690728064,230.24999999999997,10.00341122292341,42.650000000000034,4.673375405082709,45.5,5.526181135937225,24.44999999999999,1.6714992324748346,23.8,4.3151969981238265,366.65,62.53624424356132,26.18966399454201,0.0005610172
