time,dir_x,dir_y,yaw
0,-0.00257443,2.77556e-16,3.14159
0,-0.00257443,2.77556e-16,3.14159
0.005,0.0422042,0.0309227,0.632332
0.104,-0.00257443,0,3.14159
0.205,0.0545991,0.0394846,0.62611
0.307,0.0558026,0.0403117,0.6256
0.407,0.0566516,0.0408965,0.62527
0.505,0.0552327,0.0399216,0.625858
0.61,0.0535389,0.0387566,0.626584
0.704,0.0524799,0.038028,0.62706
0.805,0.0530084,0.0383931,0.626838
0.907,0.0548557,0.039665,0.626048
1.004,0.0553195,0.0399837,0.62585
1.105,0.0536221,0.0388162,0.626577
1.206,0.0550659,0.0398111,0.625977
1.306,0.0525139,0.0380566,0.627108
1.407,0.0549439,0.0397226,0.625974
1.508,0.0558577,0.0403512,0.625598
1.604,0.0552008,0.0399042,0.625925
1.706,0.0547377,0.0395824,0.626081
1.806,0.0569569,0.0411099,0.625189
1.907,0.0573008,0.0413493,0.625088
2.008,0.0564403,0.0407561,0.625411
2.104,0.0606876,0.0436768,0.623825
2.206,0.0571425,0.0412415,0.625162
2.304,0.0614821,0.044224,0.623561
2.405,0.0467382,0.0340391,0.629463
2.504,0.0779569,0.0555967,0.619512
2.604,0.0455126,0.0331973,0.630192
2.705,0.0620186,0.0445928,0.623379
2.806,0.0631632,0.0453799,0.623005
2.906,0.0599256,0.0431552,0.624119
3.006,0.0632499,0.0454477,0.623062
3.106,0.0687318,0.0492446,0.621697
3.206,0.101141,0.0716021,0.616037
3.306,0.310492,0.214977,0.605591
3.406,1.50276,1.02616,0.599123
3.506,7.5379,5.11044,0.595785
3.606,26.9594,18.2052,0.593944
3.706,36.1263,24.3889,0.593819
3.805,42.5368,28.7191,0.593859
3.906,54.6798,36.9077,0.593735
4.007,73.9262,49.8782,0.593545
4.106,108.906,73.4304,0.593237
4.208,120.994,81.5236,0.592914
4.312,288.576,194.242,0.592447
4.414,458.753,308.58,0.592132
4.509,590.821,397.284,0.59198
4.606,697.402,468.858,0.591888
4.707,762.034,512.236,0.591821
4.805,577.006,387.842,0.591798
4.904,537.223,361.126,0.591829
5.008,651.741,438.145,0.591871
5.106,475.143,319.432,0.591883
5.206,663.141,445.786,0.591847
5.308,669.215,449.854,0.591832
5.408,669.812,450.254,0.59183
5.507,688.906,463.065,0.591806
5.608,679.907,457.025,0.591815
5.709,695.49,467.478,0.591793
5.807,695.16,467.256,0.591793
5.906,699.145,469.926,0.591784
6.006,693.53,466.158,0.591791
6.106,705.596,474.251,0.591774
6.208,707.466,475.503,0.59177
6.304,712.166,478.655,0.591763
6.404,528.174,355.002,0.591776
6.505,708.466,476.171,0.591765
6.605,708.977,476.511,0.591762
6.708,715.271,480.735,0.591756
6.807,532.509,357.903,0.59176
6.907,351.987,236.58,0.591774
7.006,352.024,236.6,0.591764
7.109,709.513,476.866,0.591757
7.21,713.894,479.805,0.591752
7.308,711.978,478.519,0.591753
7.406,530.683,356.676,0.59176
7.508,534.253,359.07,0.591753
7.608,349.821,235.122,0.591769
7.709,534.532,359.256,0.591751
7.807,704.726,473.655,0.591763
7.907,705.415,474.112,0.591758
8.01,709.261,476.692,0.591753
8.108,702.127,471.907,0.591762
8.207,700.137,470.57,0.591762
8.309,697.113,468.545,0.59177
8.406,700.916,471.093,0.591762
8.509,694.29,466.644,0.591766
8.605,695.06,467.162,0.591766
8.704,523.666,351.966,0.591768
8.805,694.752,466.957,0.591769
8.906,688.928,463.049,0.591776
9.006,694.297,466.648,0.591766
9.108,675.77,454.221,0.591791
9.206,689.397,463.363,0.591774
9.312,686.954,461.721,0.591774
9.408,690.626,464.186,0.591771
9.507,679.397,456.65,0.591783
9.606,678.149,455.81,0.591781
9.709,678.215,455.854,0.591781
9.807,674.898,453.629,0.591786
9.909,674.188,453.152,0.591786
10.009,677.181,455.161,0.591783
10.11,663.059,445.689,0.591803
10.205,671.496,451.346,0.591789
10.311,664.24,446.478,0.591798
10.406,667.745,448.828,0.591793
10.509,653.121,439.02,0.591815
10.605,669.931,450.297,0.591792
10.705,503.173,338.208,0.59179
10.804,814.589,547.553,0.591812
10.904,501.921,337.369,0.591793
11.005,655.487,440.604,0.591808
11.106,650.549,437.289,0.591813
11.206,655.637,440.703,0.591806
11.306,649.631,436.675,0.591816
11.405,660.082,443.687,0.591803
11.506,643.172,432.341,0.591824
11.611,656.807,441.485,0.591802
11.707,641.312,431.095,0.591829
11.809,645.467,433.88,0.59182
11.908,640.85,430.781,0.591825
12.008,641.679,431.336,0.591823
12.108,631.142,424.266,0.591837
12.206,641.763,431.388,0.591818
12.309,634.382,426.439,0.591832
12.409,629.525,423.179,0.591837
12.506,634.841,426.745,0.591829
12.607,626.315,421.023,0.591839
12.707,626.426,421.098,0.59184
12.811,634.587,426.575,0.591829
12.905,622.175,418.246,0.591845
13.015,622.738,418.623,0.591844
13.104,617.593,415.174,0.591854
13.204,460.987,309.898,0.591857
13.309,619.776,416.634,0.591847
13.404,617.618,415.189,0.591852
13.505,620.237,416.942,0.591845
13.605,611.111,410.82,0.591859
13.706,614.044,412.785,0.591851
13.807,618.951,416.081,0.591848
13.905,606.785,407.914,0.591862
14.006,599.064,402.737,0.591877
14.115,608.837,409.292,0.591859
14.208,605.795,407.252,0.591865
14.305,457.677,307.674,0.591858
14.411,597.365,401.593,0.591875
14.509,600.767,403.875,0.591869
14.608,599.049,402.725,0.591875
14.704,594.795,399.868,0.591878
14.806,593.851,399.235,0.591879
14.906,588.856,395.882,0.591885
15.011,590.318,396.864,0.591885
15.107,589.321,396.193,0.591884
15.206,583.166,392.061,0.59189
15.311,582,391.284,0.591898
15.406,584.787,393.15,0.591889
15.507,444.42,298.775,0.591879
15.607,436.812,293.67,0.591895
15.709,574.673,386.365,0.591907
15.808,430.855,289.671,0.591905
15.908,577.725,388.412,0.591902
16.009,439.802,295.673,0.591884
16.105,572.583,384.958,0.591905
16.204,428.598,288.156,0.591909
16.305,707.478,475.661,0.591915
16.404,431.846,290.333,0.591897
16.504,572.097,384.633,0.591907
16.607,568.996,382.551,0.591911
16.704,706.091,474.731,0.591918
16.805,419.009,281.72,0.591926
16.905,554.999,373.157,0.591931
17.008,559.25,376.009,0.591923
17.107,572.543,384.927,0.5919
17.206,560.853,377.083,0.59192
17.306,555.193,373.287,0.59193
17.406,560.744,377.011,0.59192
17.506,550.039,369.831,0.591942
17.606,558.304,375.374,0.591925
17.707,546.134,367.208,0.591946
17.809,544.999,366.447,0.591948
17.909,547.355,368.025,0.591941
18.008,543.486,365.428,0.591947
18.11,538.182,361.871,0.591958
18.209,548.185,368.58,0.591937
18.307,546.649,367.552,0.591942
18.404,544.898,366.374,0.591942
18.506,547.215,367.93,0.591939
18.614,403.86,271.55,0.591952
18.709,540.578,363.474,0.591948
18.808,535.484,360.058,0.59196
18.907,533.191,358.517,0.591961
19.015,529.861,356.281,0.591964
19.105,397.495,267.279,0.591967
19.204,395.314,265.813,0.591969
19.307,390.449,262.55,0.591982
19.407,526.932,354.316,0.59197
19.506,264.652,177.955,0.59197
19.606,515.652,346.744,0.591987
19.705,522.038,351.027,0.591973
19.807,520.154,349.765,0.591979
19.906,517.441,347.944,0.591983
20.004,511.23,343.774,0.591993
20.104,388.174,261.02,0.591982
