Configuration,Robot,mean,std
config1,Robot1,26.131934452391256,2.5556644248416953
config1,Robot2,28.308033299996715,2.625261629109712
config1,Robot3,26.626351304160483,2.3805977115295045
config2,Robot1,29.457803135207854,4.018188610875393
config2,Robot2,27.600829752699063,1.7030638254136894
config2,Robot3,27.739187614488696,2.4812960625167255
config3,Robot1,29.039044803115587,2.149464469707646
config3,Robot2,29.359941289057257,2.592365834230686
config3,Robot3,29.039105942922486,1.4516731112366865
