experiment,rosbot_1_0_waypoint_1,rosbot_1_0_waypoint_2,rosbot_1_0_waypoint_3,rosbot_1_0_waypoint_4,rosbot_1_0_waypoint_5,rosbot_1_0_total,rosbot_2_1_waypoint_1,rosbot_2_1_waypoint_2,rosbot_2_1_waypoint_3,rosbot_2_1_waypoint_4,rosbot_2_1_waypoint_5,rosbot_2_1_total,rosbot_3_2_waypoint_1,rosbot_3_2_waypoint_2,rosbot_3_2_waypoint_3,rosbot_3_2_waypoint_4,rosbot_3_2_waypoint_5,rosbot_3_2_total,total_visits
1,12,1,2,1,1,17,7,1,4,1,2,15,5,2,2,2,1,12,44
2,3,1,1,1,1,7,4,1,4,1,2,12,3,1,3,2,3,12,31
3,6,1,4,1,1,13,4,1,2,1,3,11,3,1,2,2,2,10,34
4,7,1,2,1,3,14,4,1,3,2,2,12,3,1,2,1,1,8,34
5,10,2,2,1,1,16,4,1,2,1,2,10,11,2,2,2,4,21,47
6,3,2,1,1,1,8,12,1,5,1,2,21,19,1,2,2,4,28,57
7,21,3,1,2,2,29,76,1,3,1,2,83,45,3,2,4,1,55,167
8,3,1,2,1,1,8,4,1,3,1,4,13,4,1,2,2,3,12,33
9,5,1,3,1,1,11,3,1,2,1,3,10,3,1,3,2,3,12,33
10,3,1,1,1,1,7,14,1,2,1,2,20,3,1,5,2,2,13,40
