time,p0,p1,p2
0.000579596,1,1,0
0.0673556,1,0.997332,0
0.134799,1,0.994671,0
0.201661,1,0.99195,0
0.267991,1,0.989236,0
0.334649,1,0.986528,0
0.401161,1,0.983827,0
0.467941,1,0.983827,0.15902
0.53491,1,0.983827,0.15902
0.601273,1,0.983827,0.15902
0.667828,1,0.983827,0.15902
0.734287,1,0.983827,0.15902
0.801065,1,0.983827,0.15902
0.867896,1,0.983827,0.195074
0.934704,1,0.983827,0.195074
1.0013,1,0.983827,0.195074
1.06782,1,0.983827,0.195074
1.1349,1,0.983827,0.195074
1.20141,1,0.983827,0.195074
1.2679,1,0.983827,0.221514
1.3346,1,0.983827,0.221514
1.4013,1,0.983827,0.221514
1.46776,1,0.983827,0.221514
1.53475,1,0.983827,0.221514
1.60113,1,0.983827,0.221514
1.6681,1,0.983827,0.248354
1.73473,1,0.983827,0.248354
1.80114,1,0.983827,0.248354
1.86788,1,0.983827,0.248354
1.93448,1,0.983827,0.248354
2.00113,1,0.983827,0.248354
2.0679,1,0.983827,0.248354
2.13451,1,0.983827,0.261894
2.20123,1,0.983827,0.261894
2.26778,1,0.983827,0.261894
2.33448,1,0.983827,0.261894
2.40121,1,0.983827,0.261894
2.46803,1,0.983827,0.261894
2.53545,1,0.983827,0.271455
2.60128,1,0.983827,0.271455
2.66783,1,0.983827,0.271455
2.73477,1,0.983827,0.271455
2.8012,1,0.983827,0.271455
2.86795,1,0.983827,0.271455
2.93435,1,0.983827,0.271189
3.00123,1,0.983827,0.271189
3.0677,1,0.983827,0.271189
3.13454,1,0.983827,0.271189
3.20126,1,0.983827,0.271189
3.26789,1,0.983827,0.271189
3.33471,1,0.983827,0.259371
3.40195,1,0.983827,0.259371
3.46823,1,0.983827,0.259371
3.53482,1,0.983827,0.259371
3.60131,1,0.983827,0.259371
3.66802,1,0.983827,0.259371
3.73448,1,0.983827,0.250536
3.80117,1,0.983827,0.250536
3.86796,1,0.983827,0.250536
3.9346,1,0.983827,0.250536
4.0014,1,0.983827,0.250536
4.06812,1,0.983827,0.250536
4.13489,1,0.983827,0.250536
4.20153,1,0.983827,0.239781
4.26801,1,0.983827,0.239781
4.33492,1,0.983827,0.239781
4.40127,1,0.983827,0.239781
4.46797,1,0.983827,0.239781
4.53473,1,0.983827,0.239781
4.60118,1,0.983827,0.237698
4.6679,1,0.983827,0.237698
4.73441,1,0.983827,0.237698
4.80101,1,0.983827,0.237698
4.86825,1,0.983827,0.237698
4.93473,1,0.983827,0.237698
5.00127,1,0.983827,0.233051
5.06784,1,0.983827,0.233051
5.13423,1,0.983827,0.233051
5.20103,1,0.983827,0.233051
5.2677,1,0.983827,0.233051
5.33474,1,0.983827,0.233051
5.40142,1,0.983827,0.226161
5.46805,1,0.983827,0.226161
5.53468,1,0.983827,0.226161
5.60108,1,0.983827,0.226161
5.66788,1,0.983827,0.226161
5.7347,1,0.983827,0.226161
5.8014,1,0.983827,0.226161
5.86799,1,0.983827,0.212701
5.93469,1,0.983827,0.212701
6.00129,1,0.983827,0.212701
6.06812,1,0.983827,0.212701
6.13485,1,0.983827,0.212701
6.20126,1,0.983827,0.212701
6.26795,1,0.983827,0.204368
6.33493,1,0.983827,0.204368
6.40128,1,0.983827,0.204368
6.4681,1,0.983827,0.204368
6.53511,1,0.983827,0.204368
6.60135,1,0.983827,0.204368
6.66806,1,0.983827,0.197478
6.73482,1,0.983827,0.197478
6.80131,1,0.983827,0.197478
6.86822,1,0.983827,0.197478
6.93477,1,0.983827,0.197478
7.00168,1,0.983827,0.197478
7.06796,1,0.983827,0.194754
7.135,1,0.983827,0.194754
7.20119,1,0.983827,0.194754
7.26802,1,0.983827,0.194754
7.3345,1,0.983827,0.194754
7.40131,1,0.983827,0.194754
7.46805,1,0.983827,0.194754
7.53533,1,0.983827,0.194754
7.60152,1,0.983827,0.198119
7.66795,1,0.983827,0.198119
7.73491,1,0.983827,0.198119
7.80119,1,0.983827,0.198119
7.86803,1,0.983827,0.198119
7.93481,1,0.983827,0.199561
8.00121,1,0.983827,0.199561
8.06813,1,0.983827,0.199561
8.13477,1,0.983827,0.199561
8.20131,1,0.983827,0.199561
8.26813,1,0.983827,0.199561
8.33464,1,0.983827,0.205009
8.4012,1,0.983827,0.205009
8.46821,1,0.983827,0.205009
8.53468,1,0.983827,0.205009
8.6024,1,0.983827,0.205009
8.66771,1,0.983827,0.205009
8.73465,1,0.983827,0.209656
8.80118,1,0.983827,0.209656
8.86792,1,0.983827,0.209656
8.93461,1,0.983827,0.209656
9.00126,1,0.983827,0.209656
9.06821,1,0.983827,0.209656
9.13464,1,0.983827,0.209656
9.20124,1,0.983827,0.208054
9.26818,1,0.983827,0.208054
9.33479,1,0.983827,0.208054
9.40122,1,0.983827,0.208054
9.46798,1,0.983827,0.208054
9.53475,1,0.983827,0.204689
9.60135,1,0.983827,0.204689
9.6681,1,0.983827,0.204689
9.7351,1,0.983827,0.204689
9.80137,1,0.983827,0.204689
9.86815,1,0.983827,0.204689
9.93467,1,0.983827,0.204689
10.0014,1,0.983827,0.204689
10.068,1,0.983827,0.203728
10.1349,1,0.983827,0.203728
10.2017,1,0.983827,0.203728
10.2681,1,0.983827,0.203728
10.3346,1,0.983827,0.203728
10.4012,1,0.983827,0.196837
10.4681,1,0.983827,0.196837
10.535,1,0.983827,0.196837
10.6013,1,0.983827,0.196837
10.668,1,0.983827,0.196837
10.735,1,0.983827,0.196837
10.8017,1,0.983827,0.186742
10.868,1,0.983827,0.186742
10.9349,1,0.983827,0.186742
11.0015,1,0.983827,0.186742
11.0683,1,0.983827,0.186742
11.1349,1,0.983827,0.186742
11.2016,1,0.983827,0.176166
11.2682,1,0.983827,0.176166
11.3356,1,0.983827,0.176166
11.4014,1,0.983827,0.176166
11.4683,1,0.983827,0.176166
11.5349,1,0.983827,0.176166
11.6015,1,0.983827,0.169757
11.6682,1,0.983827,0.169757
11.7349,1,0.983827,0.169757
11.8015,1,0.983827,0.169757
11.8684,1,0.983827,0.169757
11.935,1,0.983827,0.169757
12.0017,1,0.983827,0.169757
12.0682,1,0.983827,0.167033
12.135,1,0.983827,0.167033
12.2015,1,0.983827,0.167033
12.2681,1,0.983827,0.167033
12.3352,1,0.983827,0.167033
12.4019,1,0.983827,0.167033
12.4683,1,0.983827,0.167353
12.535,1,0.983827,0.167353
12.6017,1,0.983827,0.167353
12.6686,1,0.983827,0.167353
12.7349,1,0.983827,0.167353
12.8015,1,0.983827,0.167353
12.868,1,0.983827,0.171199
12.935,1,0.983827,0.171199
13.0017,1,0.983827,0.171199
13.0681,1,0.983827,0.171199
13.1348,1,0.983827,0.171199
13.2014,1,0.983827,0.171199
13.268,1,0.983827,0.172962
13.3348,1,0.983827,0.172962
13.4014,1,0.983827,0.172962
13.4683,1,0.983827,0.172962
13.5348,1,0.983827,0.172962
13.6014,1,0.983827,0.172962
13.6681,1,0.983827,0.174244
13.7348,1,0.983827,0.174244
13.8012,1,0.983827,0.174244
13.8678,1,0.983827,0.174244
13.9346,1,0.983827,0.174244
14.0014,1,0.983827,0.174244
14.0679,1,0.983827,0.174244
14.1348,1,0.983827,0.176487
14.202,1,0.983827,0.176487
14.2681,1,0.983827,0.176487
14.3347,1,0.983827,0.176487
14.4012,1,0.983827,0.176487
14.4679,1,0.983827,0.176487
14.5347,1,0.983827,0.17905
14.6014,1,0.983827,0.17905
14.6681,1,0.983827,0.17905
14.7349,1,0.983827,0.17905
14.8012,1,0.983827,0.17905
14.868,1,0.983827,0.17905
14.9346,1,0.983827,0.184499
15.0014,1,0.983827,0.184499
15.0682,1,0.983827,0.184499
15.135,1,0.983827,0.184499
15.2013,1,0.983827,0.184499
15.2681,1,0.983827,0.184499
15.3349,1,0.983827,0.19187
15.4013,1,0.983827,0.19187
15.468,1,0.983827,0.19187
15.5348,1,0.983827,0.19187
15.6017,1,0.983827,0.19187
15.668,1,0.981231,0.19187
15.7347,1,0.97864,0.195395
15.8013,1,0.976055,0.195395
15.868,1,0.973474,0.195395
15.9346,1,0.970899,0.195395
16.0013,1,0.968329,0.195395
16.0679,1,0.965764,0.195395
16.1349,1,0.963205,0.195395
16.2014,1,0.96065,0.195395
16.2682,1,0.9581,0.195395
16.3348,1,0.955556,0.195395
16.4012,1,0.953017,0.195395
16.468,1,0.950482,0.195395
16.5348,1,0.947954,0.195395
16.6012,1,0.94543,0.19219
16.6682,1,0.942912,0.19219
16.7348,1,0.940398,0.19219
16.8013,1,0.93789,0.19219
16.868,1,0.935387,0.19219
16.9347,1,0.93289,0.19219
17.0013,1,0.930397,0.184979
17.0679,1,0.92791,0.184979
17.1346,1,0.925428,0.184979
17.2014,1,0.922951,0.184979
17.2681,1,0.920479,0.184979
17.3347,1,0.918013,0.184979
17.4014,1,0.915552,0.181134
17.468,1,0.913096,0.181134
17.5347,1,0.910645,0.181134
17.6013,1,0.908199,0.181134
17.668,1,0.905759,0.181134
17.735,1,0.903324,0.181134
17.8015,1,0.900894,0.179691
17.868,1,0.898469,0.179691
17.9347,1,0.896049,0.179691
18.0013,1,0.893635,0.179691
18.0679,1,0.891225,0.179691
18.1344,1,0.888821,0.179691
18.2013,1,0.886422,0.174243
18.2678,1,0.884028,0.174243
18.3349,1,0.881639,0.174243
18.4014,1,0.879255,0.174243
18.4681,1,0.876876,0.174243
18.535,1,0.874504,0.174243
18.6013,1,0.872136,0.174243
18.6679,1,0.869772,0.171679
18.7346,1,0.867414,0.171679
18.8013,1,0.865061,0.171679
18.8683,1,0.862714,0.171679
18.9349,1,0.860371,0.171679
19.0012,1,0.858033,0.171679
19.0679,1,0.8557,0.168956
19.1348,1,0.853372,0.168956
19.2011,1,0.851049,0.168956
19.268,1,0.848731,0.168956
19.3343,1,0.846417,0.168956
19.4014,1,0.844109,0.168956
19.4681,1,0.841805,0.164148
19.5347,1,0.839507,0.164148
19.6013,1,0.837213,0.164148
19.6679,1,0.834923,0.164148
19.7346,1,0.83264,0.164148
19.8013,1,0.83036,0.164148
19.8678,1,0.828086,0.164148
19.9348,1,0.825817,0.162385
20.0012,1,0.823552,0.162385
20.0681,1,0.821292,0.162385
20.1347,1,0.819038,0.162385
20.2013,1,0.816787,0.162385
20.268,1,0.814542,0.162385
20.3347,1,0.812302,0.162065
20.4012,1,0.810065,0.162065
20.4682,1,0.807834,0.162065
20.5347,1,0.805607,0.162065
20.6015,1,0.803385,0.162065
20.6682,1,0.801168,0.162065
20.7347,1,0.798955,0.160463
20.8013,1,0.796747,0.160463
20.868,1,0.794544,0.160463
20.9346,1,0.792345,0.160463
21.0017,1,0.79015,0.160463
21.0682,1,0.787961,0.160463
21.135,1,0.785775,0.160943
21.2015,1,0.783594,0.160943
21.2681,1,0.781418,0.160943
21.3347,1,0.779246,0.160943
21.4013,1,0.777079,0.160943
21.4679,1,0.774916,0.160943
21.5351,1,0.772758,0.161264
21.6015,1,0.770604,0.161264
21.6682,1,0.768454,0.161264
21.735,1,0.76631,0.161264
21.8015,1,0.76417,0.161264
21.8678,1,0.762035,0.161264
21.9346,1,0.759904,0.15886
22.0012,1,0.757777,0.15886
22.0681,1,0.755655,0.15886
22.1349,1,0.753537,0.15886
22.2013,1,0.751424,0.15886
22.268,1,0.749315,0.15886
22.3347,1,0.747211,0.159982
22.4013,1,0.745111,0.159982
22.468,1,0.743015,0.159982
22.5348,1,0.740924,0.159982
22.6018,1,0.738838,0.159982
22.6681,1,0.736755,0.159982
22.7348,1,0.734678,0.159982
22.8014,1,0.732604,0.15854
22.868,1,0.730534,0.15854
22.9347,1,0.72847,0.15854
23.0013,1,0.726409,0.15854
23.0678,1,0.724353,0.15854
23.1348,1,0.722302,0.15854
23.2016,1,0.720256,0.156136
23.2681,1,0.718214,0.156136
23.3348,1,0.716176,0.156136
23.4014,1,0.714143,0.156136
23.4678,1,0.712115,0.156136
23.5346,1,0.710091,0.156136
23.6013,1,0.708071,0.155335
23.6678,1,0.706056,0.155335
23.7348,1,0.704045,0.155335
23.8013,1,0.702039,0.155335
23.8681,1,0.700037,0.155335
23.9348,1,0.698039,0.155335
24.0015,1,0.696045,0.155175
24.068,1,0.694056,0.155175
24.135,1,0.692072,0.155175
24.2014,1,0.690091,0.155175
24.2681,1,0.688115,0.155175
24.3351,1,0.686144,0.155175
24.4015,1,0.684177,0.155175
24.4682,1,0.682214,0.156297
24.5349,1,0.680256,0.156297
24.6015,1,0.678302,0.156297
24.668,1,0.676353,0.156297
24.735,1,0.674409,0.156297
24.8015,1,0.672468,0.156297
24.8683,1,0.670531,0.160463
24.9348,1,0.668599,0.160463
25.0018,1,0.666672,0.160463
25.068,1,0.664749,0.160463
25.1349,1,0.66283,0.160463
25.2012,1,0.660916,0.160463
25.2681,1,0.659006,0.166392
25.3348,1,0.6571,0.166392
25.4014,1,0.655199,0.166392
25.4681,1,0.653302,0.166392
25.5347,1,0.65141,0.166392
25.6015,1,0.649523,0.166392
25.6681,1,0.647639,0.166392
25.7348,1,0.64576,0.166392
25.8015,1,0.643885,0.170879
25.8681,1,0.642015,0.170879
25.9347,1,0.640149,0.170879
26.0015,1,0.638288,0.170879
26.068,1,0.636431,0.170879
26.135,1,0.634578,0.174724
26.2016,1,0.63273,0.174724
26.2681,1,0.630886,0.174724
26.3347,1,0.629047,0.174724
26.4017,1,0.627213,0.174724
26.468,1,0.625383,0.174724
26.5348,1,0.623557,0.174724
26.6015,1,0.621736,0.17857
26.6682,1,0.619919,0.17857
26.7347,1,0.618106,0.17857
26.8014,1,0.616298,0.17857
26.868,1,0.614494,0.17857
26.9349,1,0.612695,0.180332
27.0015,1,0.6109,0.180332
27.0681,1,0.609109,0.180332
27.1348,1,0.607323,0.180332
27.2016,1,0.605541,0.180332
27.268,1,0.603764,0.180332
27.3347,1,0.601991,0.180332
27.4012,1,0.600222,0.179531
27.468,1,0.598458,0.179531
27.5349,1,0.596698,0.179531
27.6015,1,0.594943,0.179531
27.668,1,0.593192,0.179531
27.7351,1,0.591446,0.182416
27.8014,1,0.589703,0.182416
27.8681,1,0.587965,0.182416
27.9348,1,0.586232,0.182416
28.0014,1,0.584503,0.182416
28.0683,1,0.582778,0.182416
28.1351,1,0.581057,0.182416
28.2016,1,0.57934,0.182416
28.2682,1,0.577628,0.192671
28.3348,1,0.57592,0.192671
28.4014,1,0.574216,0.192671
28.4681,1,0.572517,0.192671
28.5347,1,0.570822,0.192671
28.6017,1,0.56913,0.203567
28.6682,1,0.567443,0.203567
28.7349,1,0.56576,0.203567
28.8015,1,0.56408,0.203567
28.868,1,0.562405,0.203567
28.935,1,0.560734,0.203567
29.0015,1,0.559066,0.209977
29.068,1,0.557403,0.209977
29.1348,1,0.555744,0.209977
29.2014,1,0.554088,0.209977
29.2681,1,0.552436,0.209977
29.335,1,0.550789,0.209977
29.4016,1,0.549145,0.215265
29.4681,1,0.547505,0.215265
29.5348,1,0.545869,0.215265
29.6015,1,0.544237,0.215265
29.6683,1,0.542608,0.215265
29.735,1,0.540983,0.215265
29.8016,1,0.539362,0.217508
29.8683,1,0.537744,0.217508
29.9345,1,0.53613,0.217508
30.0012,1,0.534519,0.217508
30.068,1,0.53291,0.217508
30.1345,1,0.531305,0.217508
30.2015,1,0.529703,0.216707
30.2679,1,0.528105,0.216707
30.3346,1,0.52651,0.216707
30.4018,1,0.524918,0.216707
30.4679,1,0.52333,0.216707
30.5348,1,0.521746,0.216707
30.6012,1,0.520165,0.216707
30.6679,1,0.518588,0.214944
30.7347,1,0.517015,0.214944
30.8013,1,0.515446,0.214944
30.8681,1,0.51388,0.214944
30.935,1,0.512318,0.214944
31.0012,1,0.510759,0.214944
31.068,1,0.509204,0.213182
31.1347,1,0.507654,0.213182
31.2014,1,0.506106,0.213182
31.2682,1,0.504563,0.213182
31.3347,1,0.503024,0.213182
31.4012,1,0.501489,0.213182
31.4681,1,0.499957,0.213502
31.5347,1,0.498429,0.213502
31.6013,1,0.496905,0.213502
31.6679,1,0.495385,0.213502
31.7348,1,0.493869,0.213502
31.8015,1,0.492356,0.213502
31.8679,1,0.490848,0.213502
31.9345,1,0.489343,0.213502
32.0014,1,0.487841,0.213502
32.0681,1,0.486344,0.213502
32.1346,1,0.48485,0.213502
32.2013,1,0.483358,0.213502
32.2679,1,0.48187,0.213502
32.3348,1,0.480385,0.204689
32.4017,1,0.478903,0.204689
32.4681,1,0.477425,0.204689
32.5347,1,0.475949,0.204689
32.6012,1,0.474476,0.204689
32.6676,1,0.473007,0.204689
32.7347,1,0.471541,0.195074
32.8013,1,0.470079,0.195074
32.868,1,0.468619,0.195074
32.9347,1,0.467163,0.195074
33.0013,1,0.465711,0.195074
33.0678,1,0.464262,0.195074
33.1345,1,0.462817,0.217348
33.201,1,0.461376,0.217348
33.2682,1,0.459939,0.217348
33.3347,1,0.458505,0.217348
33.4014,1,0.457076,0.217348
33.4681,1,0.45565,0.217348
33.5347,1,0.454227,0.228244
33.6013,1,0.452809,0.228244
33.6681,1,0.451394,0.228244
33.7344,1,0.449982,0.228244
33.8013,1,0.448574,0.228244
33.8679,1,0.44717,0.228244
33.9343,1,0.44577,0.228244
34.0016,1,0.444373,0.242826
34.0684,1,0.442979,0.242826
34.1348,1,0.441589,0.242826
34.2012,1,0.440203,0.242826
34.268,1,0.438819,0.242826
34.3344,1,0.437439,0.242826
34.4012,1,0.436062,0.243146
34.4679,1,0.434688,0.243146
34.535,1,0.433317,0.243146
34.6013,1,0.431949,0.243146
34.6681,1,0.430584,0.243146
34.7348,1,0.429223,0.243146
34.8011,1,0.427865,0.249876
34.8679,1,0.42651,0.249876
34.9346,1,0.425158,0.249876
35.0012,1,0.42381,0.249876
35.068,1,0.422464,0.249876
35.1346,1,0.421122,0.249876
35.2011,1,0.419783,0.264458
35.268,1,0.418447,0.264458
35.3345,1,0.417114,0.264458
35.4013,1,0.415785,0.264458
35.468,1,0.414458,0.264458
35.5345,1,0.413135,0.264458
35.6013,1,0.411815,0.275995
35.668,1,0.410498,0.275995
35.7347,1,0.409184,0.275995
35.8015,1,0.407874,0.275995
35.8678,1,0.406566,0.275995
35.9343,1,0.405261,0.275995
36.0012,1,0.403959,0.277598
36.0678,1,0.402661,0.277598
36.135,1,0.401365,0.277598
36.2016,1,0.400073,0.277598
36.268,1,0.398783,0.277598
36.3348,1,0.397497,0.277598
36.4013,1,0.396215,0.283687
36.468,1,0.394935,0.283687
36.5346,1,0.393658,0.283687
36.6012,1,0.392384,0.283687
36.6681,1,0.391112,0.283687
36.7347,1,0.389844,0.283687
36.8013,1,0.388579,0.283687
36.8681,1,0.387317,0.281925
36.9347,1,0.386059,0.281925
37.0013,1,0.384803,0.281925
37.0678,1,0.383551,0.281925
37.1346,1,0.382303,0.281925
37.2014,1,0.381057,0.281925
37.268,1,0.379815,0.262696
37.3347,1,0.378576,0.262696
37.4014,1,0.377341,0.262696
37.468,1,0.376109,0.262696
37.5345,1,0.37488,0.262696
37.6012,1,0.373655,0.262696
37.6678,1,0.372432,0.240903
37.7352,1,0.371212,0.240903
37.8014,1,0.369995,0.240903
37.8683,1,0.368781,0.240903
37.9349,1,0.36757,0.240903
38.0013,1,0.366361,0.240903
38.068,1,0.365156,0.221194
38.1346,1,0.363954,0.221194
38.2014,1,0.362754,0.221194
38.2684,1,0.361559,0.221194
38.3349,1,0.360366,0.221194
38.4014,1,0.359176,0.221194
38.468,1,0.35799,0.221194
38.5347,1,0.356806,0.224399
38.6012,1,0.355625,0.224399
38.668,1,0.354447,0.224399
38.7345,1,0.353272,0.224399
38.8018,1,0.3521,0.224399
38.8681,1,0.35093,0.224399
38.9344,1,0.349764,0.221194
39.0013,1,0.348601,0.221194
39.0679,1,0.347441,0.221194
39.1347,1,0.346283,0.221194
39.2024,1,0.345129,0.221194
39.2681,1,0.343977,0.221194
39.3348,1,0.342828,0.208535
39.4012,1,0.341682,0.208535
39.4681,1,0.340537,0.208535
39.5347,1,0.339396,0.208535
39.6013,1,0.338257,0.208535
39.668,1,0.33712,0.208535
39.7349,1,0.335986,0.213823
39.8013,1,0.334855,0.213823
39.868,1,0.333726,0.213823
39.9346,1,0.332601,0.213823
40.0015,1,0.331479,0.213823
40.0681,1,0.330359,0.213823
40.1348,1,0.329242,0.213823
40.2014,1,0.328129,0.230487
40.2679,1,0.327018,0.230487
40.3347,1,0.32591,0.230487
40.4015,1,0.324805,0.230487
40.468,1,0.323702,0.230487
40.5346,1,0.322603,0.230487
40.6013,1,0.321506,0.246992
40.6682,1,0.320413,0.246992
40.7349,1,0.319322,0.246992
40.8013,1,0.318235,0.246992
40.8681,1,0.31715,0.246992
40.9348,1,0.316068,0.246992
41.0016,1,0.314989,0.246992
41.0681,1,0.313913,0.246992
41.1348,1,0.31284,0.268624
41.2016,1,0.311769,0.268624
41.268,1,0.310702,0.268624
41.3349,1,0.309637,0.268624
41.4013,1,0.308575,0.258369
41.468,1,0.307516,0.258369
41.5347,1,0.306459,0.258369
41.6015,1,0.305405,0.258369
41.6681,1,0.304353,0.258369
41.7349,1,0.303305,0.258369
41.8013,1,0.302258,0.258369
41.868,1,0.301214,0.258369
41.9346,1,0.300172,0.269586
42.0017,1,0.299134,0.269586
42.0702,1,0.298097,0.269586
42.1349,1,0.297062,0.269586
42.2015,1,0.29603,0.269586
42.2681,1,0.295001,0.269586
42.3349,1,0.293974,0.283848
42.4013,1,0.292949,0.283848
42.468,1,0.291926,0.283848
42.5347,1,0.290905,0.283848
42.6015,1,0.289887,0.283848
42.6682,1,0.288872,0.29186
42.7348,1,0.287859,0.29186
42.8013,1,0.286848,0.29186
42.8682,1,0.28584,0.29186
42.9348,1,0.284834,0.29186
43.0015,1,0.28383,0.29186
43.068,1,0.282829,0.296026
43.1349,1,0.281831,0.296026
43.2015,1,0.280834,0.296026
43.2682,1,0.27984,0.296026
43.3348,1,0.278848,0.296026
43.4014,1,0.277859,0.296026
43.4677,1,0.276872,0.301634
43.5348,1,0.275887,0.301634
43.6011,1,0.274904,0.301634
43.6683,1,0.273924,0.301634
43.7349,1,0.272946,0.301634
43.8013,1,0.27197,0.301634
43.8681,1,0.270997,0.297949
43.9347,1,0.270026,0.297949
44.0011,1,0.269057,0.297949
44.068,1,0.268091,0.297949
44.1349,1,0.267127,0.297949
44.2015,1,0.266165,0.297949
44.2681,1,0.265206,0.27856
44.335,1,0.26425,0.27856
44.4012,1,0.263296,0.27856
44.4681,1,0.262344,0.27856
44.5347,1,0.261395,0.27856
44.6013,1,0.260449,0.27856
44.6679,1,0.259504,0.258049
44.7347,1,0.258561,0.258049
44.8013,1,0.25762,0.258049
44.8679,1,0.25668,0.258049
44.9351,1,0.255743,0.258049
45.0013,1,0.254808,0.258049
45.0681,1,0.253875,0.258049
45.1347,1,0.252944,0.236256
45.2013,1,0.252015,0.236256
45.2682,1,0.251089,0.236256
45.3348,1,0.250164,0.236256
45.4015,1,0.249242,0.236256
45.468,1,0.248323,0.236256
45.5348,1,0.247406,0.254203
45.6012,1,0.246491,0.254203
45.668,1,0.245579,0.254203
45.7346,1,0.244669,0.254203
45.8016,1,0.243762,0.254203
45.8682,1,0.242857,0.254203
45.9348,1,0.241954,0.271349
46.0017,1,0.241054,0.271349
46.0682,1,0.240156,0.271349
46.1346,1,0.239261,0.271349
46.2014,1,0.238368,0.271349
46.268,1,0.237477,0.271349
46.3351,1,0.236588,0.275996
46.4016,1,0.235702,0.275996
46.4683,1,0.234818,0.275996
46.535,1,0.233936,0.275996
46.6014,1,0.233057,0.275996
46.6679,1,0.232179,0.275996
46.7343,1,0.231305,0.275996
46.8012,1,0.230432,0.283207
46.868,1,0.229561,0.283207
46.9351,1,0.228693,0.283207
47.0014,1,0.227827,0.283207
47.0683,1,0.226963,0.283207
47.1349,1,0.226101,0.283207
47.2013,1,0.225242,0.280002
47.2679,1,0.224385,0.280002
47.3347,1,0.223529,0.280002
47.4014,1,0.222677,0.280002
47.4682,1,0.221826,0.280002
47.5347,1,0.220978,0.280002
47.6013,1,0.220131,0.273111
47.668,1,0.219287,0.273111
47.7346,1,0.218445,0.273111
47.8013,1,0.217606,0.273111
47.8679,1,0.216768,0.273111
47.9347,1,0.215933,0.273111
48.0014,1,0.215099,0.269906
48.068,1,0.214268,0.269906
48.1347,1,0.213439,0.269906
48.2012,1,0.212612,0.269906
48.268,1,0.211788,0.269906
48.3344,1,0.210965,0.269906
48.4013,1,0.210144,0.269906
48.468,1,0.209326,0.286571
48.5348,1,0.20851,0.286571
48.6016,1,0.207695,0.286571
48.6682,1,0.206883,0.286571
48.7349,1,0.206073,0.286571
48.8015,1,0.205264,0.286571
48.8681,1,0.204458,0.293782
48.9346,1,0.203654,0.293782
49.0013,1,0.202852,0.293782
49.0681,1,0.202052,0.293782
49.1351,1,0.201254,0.293782
49.2015,1,0.200458,0.293782
49.2681,1,0.199664,0.302756
49.3347,1,0.198871,0.302756
49.4013,1,0.198081,0.302756
49.4678,1,0.197293,0.302756
49.5348,1,0.196506,0.302756
49.6016,1,0.195722,0.302756
49.6681,1,0.194939,0.288174
49.7345,1,0.194158,0.288174
49.8014,1,0.193379,0.288174
49.8682,1,0.192602,0.288174
49.9352,1,0.191826,0.288174
50.0012,1,0.191053,0.288174
50.0677,1,0.190281,0.260132
50.1348,1,0.189511,0.260132
50.2014,1,0.188743,0.260132
50.2681,1,0.187977,0.260132
50.3347,1,0.187212,0.260132
50.4011,1,0.18645,0.260132
50.4677,1,0.18569,0.241063
50.5348,1,0.184931,0.241063
50.6012,1,0.184175,0.241063
50.668,1,0.183421,0.241063
50.7349,1,0.182668,0.241063
50.8014,1,0.181918,0.241063
50.868,1,0.181169,0.241063
50.9349,1,0.180422,0.226321
51.0013,1,0.179677,0.226321
51.068,1,0.178934,0.226321
51.1346,1,0.178193,0.226321
51.2013,1,0.177454,0.226321
51.268,1,0.176716,0.226321
51.3346,1,0.175981,0.227443
51.4014,1,0.175246,0.227443
51.4678,1,0.174514,0.227443
51.5345,1,0.173784,0.227443
51.6011,1,0.173055,0.227443
51.6677,1,0.172328,0.227443
51.7347,1,0.171603,0.240262
51.8014,1,0.170879,0.240262
51.868,1,0.170157,0.240262
51.9349,1,0.169437,0.240262
52.0014,1,0.168719,0.240262
52.0678,1,0.168003,0.240262
52.1345,1,0.167288,0.246672
52.2011,1,0.166575,0.246672
52.2677,1,0.165864,0.246672
52.3347,1,0.165155,0.246672
52.4012,1,0.164448,0.246672
52.468,1,0.163742,0.246672
52.5347,1,0.163038,0.246672
52.6015,1,0.162336,0.242506
52.668,1,0.161636,0.242506
52.7351,1,0.160937,0.242506
52.8013,1,0.160241,0.242506
52.8681,1,0.159546,0.242506
52.9348,1,0.158852,0.242506
53.0016,1,0.158161,0.241224
53.0682,1,0.157471,0.241224
53.1348,1,0.156783,0.241224
53.2013,1,0.156097,0.241224
53.268,1,0.155412,0.241224
53.3343,1,0.154729,0.241224
53.4017,1,0.154049,0.237538
53.4681,1,0.153369,0.237538
53.5347,1,0.152692,0.237538
53.6012,1,0.152016,0.237538
53.668,1,0.151342,0.237538
53.7347,1,0.15067,0.237538
53.8013,1,0.15,0.234814
53.868,1,0.149331,0.234814
53.9349,1,0.148665,0.234814
54.0015,1,0.147999,0.234814
54.068,1,0.147336,0.234814
54.1348,1,0.146675,0.234814
54.2015,1,0.146015,0.234333
54.2681,1,0.145357,0.234333
54.3349,1,0.1447,0.234333
54.4016,1,0.144046,0.234333
54.4682,1,0.143393,0.234333
54.5348,1,0.142742,0.234333
54.6015,1,0.142092,0.234333
54.6681,1,0.141445,0.233853
54.735,1,0.140799,0.233853
54.8015,1,0.140154,0.233853
54.868,1,0.139512,0.233853
54.9348,1,0.138871,0.233853
55.0019,1,0.138232,0.233853
55.0683,1,0.137594,0.229366
55.135,1,0.136958,0.229366
55.2016,1,0.136324,0.229366
55.2683,1,0.135692,0.229366
55.3349,1,0.135061,0.229366
55.4015,1,0.134432,0.229366
55.468,1,0.133804,0.228244
55.5349,1,0.133179,0.228244
55.6016,1,0.132555,0.228244
55.668,1,0.131932,0.228244
55.7351,1,0.131311,0.228244
55.8014,1,0.130692,0.228244
55.868,1,0.130074,0.217989
55.9347,1,0.129458,0.217989
56.0014,1,0.128843,0.217989
56.068,1,0.12823,0.217989
56.1348,1,0.127618,0.217989
56.2015,1,0.127008,0.217989
56.2681,1,0.1264,0.217989
56.3348,1,0.125793,0.204689
56.4014,1,0.125187,0.204689
56.468,1,0.124583,0.204689
56.5348,1,0.123981,0.204689
56.6013,1,0.12338,0.204689
56.6681,1,0.122781,0.204689
56.7347,1,0.122183,0.192671
56.8015,1,0.121586,0.192671
56.8682,1,0.120991,0.192671
56.9348,1,0.120398,0.192671
57.0013,1,0.119806,0.192671
57.068,1,0.119216,0.192671
57.1347,1,0.118627,0.183537
57.2016,1,0.11804,0.183537
57.2681,1,0.117454,0.183537
57.3349,1,0.116869,0.183537
57.4015,1,0.116286,0.183537
57.4681,1,0.115705,0.183537
57.5349,1,0.115125,0.180813
57.6014,1,0.114547,0.180813
57.668,1,0.11397,0.180813
57.7349,1,0.113395,0.180813
57.8016,1,0.112821,0.180813
57.8681,1,0.112249,0.180813
57.9348,1,0.111678,0.186421
58.0015,1,0.111109,0.186421
58.0681,1,0.110541,0.186421
58.1348,1,0.109975,0.186421
58.2014,1,0.109411,0.186421
58.2681,1,0.108848,0.186421
58.3349,1,0.108286,0.186421
58.4014,1,0.107726,0.202125
58.4682,1,0.107167,0.202125
58.5349,1,0.10661,0.202125
58.6012,1,0.106055,0.202125
58.6679,1,0.1055,0.202125
58.7348,1,0.104948,0.202125
58.8014,1,0.104397,0.223597
58.8682,1,0.103847,0.223597
58.935,1,0.103299,0.223597
59.0016,1,0.102752,0.223597
59.0682,1,0.102207,0.223597
59.1348,1,0.101663,0.223597
59.2014,1,0.101121,0.237218
59.2682,1,0.10058,0.237218
59.3348,1,0.100041,0.237218
59.4014,1,0.0995029,0.237218
59.4682,1,0.0989667,0.237218
59.535,1,0.0984319,0.237218
59.6013,1,0.0978986,0.236577
59.6679,1,0.0973669,0.236577
59.7349,1,0.0968366,0.236577
59.8014,1,0.096308,0.236577
59.8681,1,0.0957808,0.236577
59.9348,1,0.0952551,0.236577
60.0016,1,0.0947308,0.240582
60.0679,1,0.0942082,0.240582
60.1349,1,0.093687,0.240582
60.2013,1,0.0931674,0.240582
60.268,1,0.0926491,0.240582
60.3348,1,0.0921324,0.240582
60.4026,1,0.091617,0.240582
60.4681,1,0.0911033,0.239301
60.535,1,0.090591,0.239301
60.6016,1,0.0900801,0.239301
60.6686,1,0.0895708,0.239301
60.7347,1,0.0890628,0.239301
60.8014,1,0.0885563,0.239301
60.868,1,0.0880513,0.238019
60.9349,1,0.0875477,0.238019
61.0014,1,0.0870455,0.238019
61.0682,1,0.0865446,0.238019
61.1347,1,0.0860452,0.238019
61.2014,1,0.0855471,0.238019
61.268,1,0.0850505,0.237858
61.3344,1,0.0845552,0.237858
61.4013,1,0.0840615,0.237858
61.468,1,0.083569,0.237858
61.5349,1,0.083078,0.237858
61.6015,1,0.0825884,0.237858
61.6681,1,0.0821002,0.235295
61.7348,1,0.0816134,0.235295
61.8013,1,0.0811279,0.235295
61.868,1,0.0806438,0.235295
61.9347,1,0.080161,0.235295
62.0011,1,0.0796796,0.235295
62.0681,1,0.0791996,0.235295
62.1351,1,0.0787208,0.228244
62.2015,1,0.0782435,0.228244
62.268,1,0.0777675,0.228244
62.3343,1,0.0772928,0.228244
62.401,1,0.0768195,0.228244
62.4676,1,0.0763475,0.228244
62.5346,1,0.0758768,0.215265
62.6015,1,0.0754074,0.215265
62.6681,1,0.0749394,0.215265
62.7348,1,0.0744727,0.215265
62.8016,1,0.0740072,0.215265
62.8681,1,0.0735432,0.215265
62.9348,1,0.0730804,0.194754
63.0014,1,0.0726189,0.194754
63.0681,1,0.0721588,0.194754
63.1347,1,0.0716999,0.194754
63.2015,1,0.0712423,0.194754
63.2682,1,0.0707861,0.194754
63.3348,1,0.070331,0.181294
63.4015,1,0.0698772,0.181294
63.468,1,0.0694248,0.181294
63.5348,1,0.0689735,0.181294
63.6013,1,0.0685236,0.181294
63.6682,1,0.0680749,0.181294
63.7349,1,0.0676275,0.181294
63.8015,1,0.0671813,0.178409
63.8682,1,0.0667364,0.178409
63.9349,1,0.0662927,0.178409
64.0013,1,0.0658503,0.178409
64.068,1,0.0654091,0.178409
64.1348,1,0.0649692,0.178409
64.2013,1,0.0645306,0.172801
64.268,1,0.0640932,0.172801
64.3347,1,0.0636571,0.172801
64.4013,1,0.0632221,0.172801
64.4681,1,0.0627885,0.172801
64.5347,1,0.062356,0.172801
64.6013,1,0.0619248,0.174243
64.668,1,0.0614947,0.174243
64.7347,1,0.061066,0.174243
64.8013,1,0.0606384,0.174243
64.868,1,0.0602121,0.174243
64.935,1,0.059787,0.174243
65.0014,1,0.0593632,0.177608
65.068,1,0.0589406,0.177608
65.1345,1,0.0585192,0.177608
65.2014,1,0.0580989,0.177608
65.2681,1,0.05768,0.177608
65.3348,1,0.0572622,0.177608
65.4013,1,0.0568456,0.177608
65.4679,1,0.0564302,0.177608
65.5347,1,0.0560158,0.183217
65.6013,1,0.0556027,0.183217
65.6681,1,0.0551911,0.183217
65.7346,1,0.0547806,0.183217
65.8018,1,0.0543713,0.183217
65.8681,1,0.0539633,0.185781
65.9348,1,0.0535564,0.185781
66.0014,1,0.0531507,0.185781
66.0681,1,0.0527462,0.185781
66.1347,1,0.0523428,0.185781
66.2014,1,0.0519407,0.185781
66.268,1,0.0515398,0.184819
66.3347,1,0.05114,0.184819
66.4014,1,0.0507414,0.184819
66.4682,1,0.050344,0.184819
66.5347,1,0.0499478,0.184819
66.6013,1,0.0495527,0.184819
66.668,1,0.0491588,0.184018
66.7346,1,0.048766,0.184018
66.8013,1,0.0483744,0.184018
66.8681,1,0.0479839,0.184018
66.935,1,0.0475946,0.184018
67.0017,1,0.0472065,0.184018
67.0682,1,0.0468195,0.186902
67.1348,1,0.0464336,0.186902
67.2013,1,0.0460489,0.186902
67.268,1,0.0456654,0.186902
67.3346,1,0.0452829,0.186902
67.4013,1,0.0449015,0.186902
67.4681,1,0.0445212,0.187062
67.5347,1,0.0441421,0.187062
67.6014,1,0.043764,0.187062
67.668,1,0.0433872,0.187062
67.7349,1,0.0430114,0.187062
67.8013,1,0.0426368,0.187062
67.868,1,0.0422634,0.187062
67.9347,1,0.041891,0.187383
68.0014,1,0.0415197,0.187383
68.0681,1,0.0411495,0.187383
68.1348,1,0.0407805,0.187383
68.2019,1,0.0404126,0.187383
68.2679,1,0.0400457,0.187383
68.3348,1,0.03968,0.191229
68.4013,1,0.0393153,0.191229
68.468,1,0.0389518,0.191229
68.5349,1,0.0385893,0.191229
68.6015,1,0.0382278,0.191229
68.668,1,0.0378676,0.191229
68.735,1,0.0375083,0.193312
68.8014,1,0.0371502,0.193312
68.8681,1,0.0367931,0.193312
68.9347,1,0.036437,0.193312
69.0014,1,0.036082,0.193312
69.0681,1,0.0357281,0.193312
69.1349,1,0.0353751,0.193312
69.2016,1,0.035023,0.193312
69.2682,1,0.0346722,0.193312
69.3349,1,0.0343224,0.193312
69.4015,1,0.0339734,0.193312
69.468,1,0.0336255,0.193312
69.5348,1,0.0332789,0.193312
69.6016,1,0.0329335,0.190107
69.6681,1,0.032589,0.190107
69.735,1,0.0322454,0.190107
69.8016,1,0.0319031,0.190107
69.868,1,0.0315618,0.190107
69.9349,1,0.0312214,0.190107
70.0014,1,0.0308822,0.188825
70.068,1,0.0305439,0.188825
70.1347,1,0.0302066,0.188825
70.2013,1,0.0298702,0.188825
70.2683,1,0.0295349,0.188825
70.3348,1,0.0292005,0.188825
70.4016,1,0.0288671,0.189466
70.4681,1,0.0285348,0.189466
70.5344,1,0.0282036,0.189466
70.6013,1,0.0278732,0.189466
70.6679,1,0.0275437,0.189466
70.7347,1,0.0272156,0.189466
70.8013,1,0.0268883,0.188505
70.8683,1,0.026562,0.188505
70.9351,1,0.0262369,0.188505
71.0016,1,0.0259127,0.188505
71.0681,1,0.0255895,0.188505
71.1348,1,0.0252675,0.188505
71.2014,1,0.0249463,0.186101
71.2686,1,0.0246261,0.186101
71.335,1,0.0243071,0.186101
71.4016,1,0.0239889,0.186101
71.4681,1,0.0236717,0.186101
71.5349,1,0.0233557,0.186101
71.6014,1,0.0230405,0.186101
71.668,1,0.0227261,0.185621
71.7347,1,0.0224129,0.185621
71.8016,1,0.0221004,0.185621
71.8681,1,0.0217888,0.185621
71.9349,1,0.021478,0.185621
72.0017,1,0.0211684,0.185621
72.0682,1,0.0208597,0.182095
72.1348,1,0.0205522,0.182095
72.2013,1,0.0202457,0.182095
72.2681,1,0.01994,0.182095
72.3348,1,0.0196354,0.182095
72.4015,1,0.0193318,0.182095
72.4683,1,0.019029,0.177929
72.5348,1,0.0187272,0.177929
72.6013,1,0.0184264,0.177929
72.6681,1,0.0181267,0.177929
72.7348,1,0.0178277,0.177929
72.8016,1,0.0175297,0.177929
72.8681,1,0.0172328,0.175205
72.935,1,0.0169365,0.175205
73.0016,0.997364,0.0166413,0.175205
73.0681,0.994733,0.016347,0.175205
73.135,0.992107,0.0160536,0.175205
73.2016,0.989486,0.0157611,0.175205
73.2681,0.986867,0.0154695,0.170878
73.3348,0.984254,0.0151789,0.170878
73.4014,0.981646,0.0148891,0.170878
73.4682,0.97904,0.0146003,0.170878
73.5349,0.97644,0.0143123,0.170878
73.6015,0.973843,0.0140254,0.170878
73.6682,0.971251,0.0137394,0.168955
73.7347,0.968663,0.0134541,0.168955
73.8014,0.966081,0.0131697,0.168955
73.868,0.963503,0.0128862,0.168955
73.9347,0.96093,0.0126036,0.168955
74.0016,0.958359,0.0123219,0.168955
74.0681,0.955795,0.012041,0.168955
74.1348,0.953235,0.0117611,0.166872
74.2017,0.95068,0.0114818,0.166872
74.268,0.948129,0.0112035,0.166872
74.3349,0.945582,0.0109262,0.166872
74.4013,0.94304,0.0106495,0.166872
74.4678,0.940502,0.0103738,0.166872
74.5349,0.93797,0.010099,0.164468
74.6015,0.935441,0.00982488,0.164468
74.6682,0.932917,0.0095517,0.164468
74.7351,0.930398,0.00927933,0.164468
74.8012,0.927884,0.00900775,0.164468
74.868,0.925374,0.00873706,0.164468
74.9348,0.922868,0.00846715,0.164148
75.0013,0.920368,0.00819803,0.164148
75.068,0.917871,0.00792978,0.164148
75.1348,0.91538,0.00766233,0.164148
75.2014,0.912892,0.00739575,0.164148
75.2682,0.91041,0.00712992,0.164148
75.3348,0.907933,0.00686477,0.163667
75.4016,0.905461,0.00660045,0.163667
75.4681,0.902992,0.00633698,0.163667
75.5351,0.90053,0.00607419,0.163667
75.6016,0.898071,0.00581223,0.163667
75.6681,0.895617,0.00555115,0.163667
75.7348,0.893168,0.00529071,0.163828
75.8015,0.890723,0.00503112,0.163828
75.8678,0.888282,0.00477245,0.163828
75.935,0.885846,0.00451445,0.163828
76.0012,0.883413,0.00425732,0.163828
76.068,0.880985,0.00400098,0.163828
76.1348,0.878562,0.0037454,0.163828
76.2017,0.876143,0.00349058,0.163186
76.2682,0.873728,0.00323662,0.163186
76.3346,0.871318,0.00298341,0.163186
76.4013,0.868912,0.00273097,0.163186
76.468,0.86651,0.00247936,0.163186
76.5345,0.864113,0.00222847,0.163186
76.6014,0.86172,0.00197833,0.163347
76.6681,0.859331,0.00172901,0.163347
76.7347,0.856947,0.00148044,0.163347
76.8016,0.854567,0.00123268,0.163347
76.8681,0.852193,0.00098554,0.163347
76.9348,0.849822,0.000739209,0.163347
77.0013,0.847455,0.00049372,0.163347
77.0679,0.845093,0.000248857,0.163347
77.1348,0.842736,4.73112e-06,0.163347
77.2015,0.840382,-0.000238508,0.163347
77.268,0.838033,-0.000481099,0.163347
77.3347,0.835689,-0.00072296,0.163347
77.4014,0.833348,-0.000964008,0.163347
77.4682,0.831014,-0.00120447,0.164468
77.5345,0.828682,-0.00144412,0.164468
77.6012,0.826355,-0.00168297,0.164468
77.6678,0.824033,-0.00192116,0.164468
77.7346,0.821715,-0.00215866,0.164468
77.8014,0.819402,-0.00239552,0.165109
77.8683,0.817094,-0.00263159,0.165109
77.9348,0.81479,-0.00286701,0.165109
78.0013,0.81249,-0.00310172,0.165109
78.068,0.810195,-0.00333565,0.165109
78.1346,0.807904,-0.0035689,0.165109
78.2012,0.805618,-0.00380151,0.165109
78.2679,0.803335,-0.00403328,0.165911
78.3348,0.801057,-0.00426449,0.165911
78.4013,0.798783,-0.00449489,0.165911
78.468,0.796513,-0.00472454,0.165911
78.5346,0.794248,-0.00495356,0.165911
78.6014,0.791987,-0.00518186,0.165911
78.6678,0.789729,-0.00540935,0.166552
78.7346,0.787477,-0.00563628,0.166552
78.8013,0.785228,-0.00586241,0.166552
78.8682,0.782984,-0.00608787,0.166552
78.9348,0.780744,-0.00608787,0.166552
79.0014,0.778508,-0.00608787,0.166552
79.0681,0.776277,-0.00608787,0.166392
79.1348,0.77405,-0.00608787,0.166392
79.2013,0.771827,-0.00608787,0.166392
79.2681,0.769608,-0.00608787,0.166392
79.3343,0.767394,-0.00608787,0.166392
79.4014,0.765184,-0.00608787,0.166392
79.4681,0.762978,-0.00608787,0.163988
79.5348,0.760776,-0.00608787,0.163988
79.6014,0.758579,-0.00608787,0.163988
79.6681,0.756385,-0.00608787,0.163988
79.7347,0.754196,-0.00608787,0.163988
79.8013,0.752012,-0.00608787,0.163988
79.8679,0.749831,-0.00608787,0.163508
79.9348,0.747655,-0.00608787,0.163508
80.0014,0.745483,-0.00608787,0.163508
80.068,0.743316,-0.00608787,0.163508
80.1349,0.741153,-0.00608787,0.163508
80.2014,0.738995,-0.00608787,0.163508
80.2679,0.73684,-0.00608787,0.163508
80.3347,0.73469,-0.00608787,0.163347
80.4012,0.732545,-0.00608787,0.163347
80.4682,0.730403,-0.00608787,0.163347
80.5349,0.728266,-0.00608787,0.163347
80.6015,0.726133,-0.00608787,0.163347
80.668,0.724004,-0.00608787,0.163347
80.7348,0.721879,-0.00608787,0.164949
80.8012,0.719759,-0.00608787,0.164949
80.8681,0.717642,-0.00608787,0.164949
80.9346,0.715531,-0.00608787,0.164949
81.0014,0.713423,-0.00608787,0.164949
81.068,0.711319,-0.00608787,0.164949
81.1346,0.70922,-0.00608787,0.163026
81.2016,0.707124,-0.00608787,0.163026
81.268,0.705033,-0.00608787,0.163026
81.3347,0.702947,-0.00608787,0.163026
81.4014,0.700865,-0.00608787,0.163026
81.468,0.698788,-0.00608787,0.163026
81.5347,0.696715,-0.00608787,0.162546
81.6016,0.694647,-0.00608787,0.162546
81.6681,0.692583,-0.00608787,0.162546
81.735,0.690523,-0.00608787,0.162546
81.8013,0.688468,-0.00608787,0.162546
81.868,0.686417,-0.00608787,0.162546
81.9349,0.68437,-0.00608787,0.162546
82.0015,0.682328,-0.00608787,0.177769
82.0681,0.680289,-0.00608787,0.177769
82.1348,0.678255,-0.00608787,0.177769
82.2016,0.676225,-0.00608787,0.177769
82.2712,0.6742,-0.00608787,0.177769
82.3349,0.672181,-0.00608787,0.177769
82.4013,0.670165,-0.00608787,0.176166
82.4681,0.668153,-0.00608787,0.176166
82.5347,0.666146,-0.00608787,0.176166
82.6016,0.664144,-0.00608787,0.176166
82.6682,0.662148,-0.00608787,0.176166
82.7348,0.660156,-0.00608787,0.176166
82.8016,0.658168,-0.00608787,0.213342
82.868,0.656186,-0.00608787,0.213342
82.9349,0.654209,-0.00608787,0.213342
83.0015,0.652237,-0.00608787,0.213342
83.068,0.650269,-0.00608787,0.213342
83.1349,0.648307,-0.00608787,0.213342
83.2016,0.646349,-0.00608787,0.237057
83.2683,0.644396,-0.00608787,0.237057
83.3345,0.642449,-0.00608787,0.237057
83.4014,0.640506,-0.00608787,0.237057
83.4678,0.638569,-0.00608787,0.237057
83.5346,0.636638,-0.00608787,0.237057
83.6013,0.634711,-0.00608787,0.237057
83.6681,0.63279,-0.00608787,0.264138
83.7348,0.630874,-0.00608787,0.264138
83.8014,0.628964,-0.00608787,0.264138
83.868,0.627059,-0.00608787,0.264138
83.9348,0.62516,-0.00608787,0.264138
84.0012,0.623266,-0.00608787,0.264138
84.068,0.621377,-0.00608787,0.264138
84.1347,0.619494,-0.00608787,0.29202
84.2014,0.617616,-0.00608787,0.29202
84.268,0.615745,-0.00608787,0.29202
84.3348,0.613879,-0.00608787,0.29202
84.4015,0.612018,-0.00608787,0.29202
84.4681,0.610165,-0.00608787,0.316216
84.5348,0.608317,-0.00608787,0.316216
84.6015,0.606474,-0.00608787,0.316216
84.6681,0.604639,-0.00608787,0.316216
84.7347,0.602808,-0.00608787,0.316216
84.8015,0.600983,-0.00608787,0.316216
84.8685,0.599164,-0.00608787,0.316216
84.9348,0.59735,-0.00608787,1.5
85.0018,0.595542,-0.00608787,1.5
85.0683,0.593737,-0.00608787,1.5
85.1349,0.591938,-0.00608787,1.5
85.2015,0.590145,-0.00608787,1.5
85.268,0.588358,-0.00608787,1.5
85.335,0.586576,-0.00608787,1.5
85.4018,0.584799,-0.00608787,1.5
85.4682,0.583027,-0.00608787,1.5
85.5351,0.581259,-0.00608787,1.5
85.6015,0.579496,-0.00608787,1.5
85.6681,0.577738,-0.00608787,1.5
85.7348,0.575985,-0.00608787,1.5
85.8012,0.574236,-0.00608787,1.5
85.8682,0.572492,-0.00608787,1.5
85.9349,0.570753,-0.00608787,1.5
86.0016,0.569018,-0.00608787,1.5
86.0684,0.567288,-0.00608787,1.5
86.135,0.565562,-0.00608787,1.5
86.2016,0.563841,-0.00608787,1.5
86.2681,0.562124,-0.00608787,1.5
86.3348,0.560412,-0.00608787,1.5
86.402,0.558705,-0.00608787,1.5
86.4683,0.557002,-0.00608787,1.5
86.535,0.555304,-0.00608787,1.5
86.6015,0.55361,-0.00608787,1.5
86.6681,0.551921,-0.00608787,1.5
86.7352,0.550236,-0.00608787,1.5
86.8016,0.548556,-0.00608787,1.5
86.8682,0.546881,-0.00608787,1.5
86.9349,0.545211,-0.00608787,1.5
87.0015,0.543545,-0.00608787,1.5
87.0683,0.541884,-0.00608787,1.5
87.1351,0.540227,-0.00608787,1.5
87.2017,0.538575,-0.00608787,1.5
87.2681,0.536927,-0.00608787,1.5
87.3346,0.535285,-0.00608787,1.5
87.4016,0.533647,-0.00608787,1.5
87.4681,0.532013,-0.00608787,1.5
87.5352,0.530385,-0.00608787,1.5
87.6014,0.52876,-0.00608787,1.5
87.6681,0.52714,-0.00608787,1.5
87.7349,0.525526,-0.00608787,1.5
87.8015,0.523915,-0.00608787,1.5
87.8681,0.522308,-0.00608787,1.5
87.9347,0.520707,-0.00608787,1.5
88.0014,0.51911,-0.00608787,1.5
88.0684,0.517517,-0.00608787,1.5
88.1347,0.515928,-0.00608787,1.5
88.2016,0.514345,-0.00608787,1.5
88.2681,0.512765,-0.00608787,1.5
88.335,0.51119,-0.00608787,1.5
88.4013,0.509619,-0.00608787,1.5
88.4682,0.508053,-0.00608787,1.5
88.5349,0.506491,-0.00608787,1.5
88.6015,0.504934,-0.00608787,1.5
88.6686,0.503381,-0.00608787,1.5
88.7349,0.501833,-0.00608787,1.5
88.8018,0.500289,-0.00608787,1.5
88.8682,0.49875,-0.00608787,1.5
88.935,0.497214,-0.00608787,1.5
89.0018,0.495684,-0.00608787,1.5
89.0681,0.494157,-0.00608787,1.5
89.1352,0.492635,-0.00608787,1.5
89.2017,0.491117,-0.00608787,1.5
89.2683,0.489603,-0.00608787,1.5
89.3349,0.488094,-0.00608787,1.5
89.4015,0.486588,-0.00608787,1.5
89.4682,0.485087,-0.00608787,1.5
89.535,0.483589,-0.00608787,1.5
89.6014,0.482096,-0.00608787,1.5
89.6682,0.480607,-0.00608787,1.5
89.7351,0.479122,-0.00608787,1.5
89.8015,0.477642,-0.00608787,1.5
89.8682,0.476165,-0.00608787,1.5
89.935,0.474692,-0.00608787,1.5
90.0015,0.473223,-0.00608787,1.5
90.0677,0.471758,-0.00608787,1.5
90.1346,0.470297,-0.00608787,1.5
90.2016,0.46884,-0.00608787,1.5
90.2682,0.467387,-0.00608787,1.5
90.3349,0.465938,-0.00608787,1.5
90.4016,0.464493,-0.00608787,1.5
90.4683,0.463052,-0.00608787,1.5
90.5347,0.461615,-0.00608787,1.5
90.6016,0.460181,-0.00608787,1.5
90.668,0.458752,-0.00608787,1.5
90.7348,0.457327,-0.00608787,1.5
90.8015,0.455907,-0.00608787,1.5
90.8681,0.454491,-0.00608787,1.5
90.935,0.453079,-0.00608787,1.5
91.0015,0.451672,-0.00608787,1.5
91.0679,0.450269,-0.00608787,1.5
91.135,0.44887,-0.00608787,1.5
91.2016,0.447475,-0.00608787,1.5
91.2683,0.446084,-0.00608787,1.5
91.3349,0.444697,-0.00608787,1.5
91.4015,0.443314,-0.00608787,1.5
91.4683,0.441935,-0.00608787,1.5
91.535,0.440561,-0.00608787,1.5
91.6017,0.43919,-0.00608787,1.5
91.6682,0.437824,-0.00608787,1.5
91.7348,0.436461,-0.00608787,1.5
91.8016,0.435102,-0.00608787,1.5
91.8681,0.433748,-0.00608787,1.5
91.9349,0.432397,-0.00608787,1.5
92.0017,0.43105,-0.00608787,1.5
92.0681,0.429707,-0.00608787,1.5
92.1349,0.428368,-0.00608787,1.5
92.2016,0.427032,-0.00608787,1.5
92.2681,0.425701,-0.00608787,1.5
92.3349,0.424374,-0.00608787,1.5
92.4015,0.42305,-0.00608787,1.5
92.4682,0.421731,-0.00608787,1.5
92.5351,0.420415,-0.00608787,1.5
92.6012,0.419103,-0.00608787,1.5
92.6678,0.417795,-0.00608787,1.5
92.7346,0.416491,-0.00608787,1.5
92.8012,0.415191,-0.00608787,1.5
92.8679,0.413894,-0.00608787,1.5
92.9348,0.412601,-0.00608787,1.5
93.0014,0.411312,-0.00608787,1.5
93.0682,0.410025,-0.00608787,1.5
93.1349,0.408742,-0.00608787,1.5
93.2015,0.407463,-0.00608787,1.5
93.2681,0.406186,-0.00608787,1.5
93.335,0.404914,-0.00608787,1.5
93.4013,0.403644,-0.00608787,1.5
93.4681,0.402378,-0.00608787,1.5
93.5348,0.401116,-0.00608787,1.5
93.6014,0.399856,-0.00608787,1.5
93.6682,0.398601,-0.00608787,1.5
93.7349,0.397348,-0.00608787,1.5
93.8015,0.396099,-0.00608787,1.5
93.8681,0.394853,-0.00608787,1.5
93.9348,0.39361,-0.00608787,1.5
94.0016,0.39237,-0.00608787,1.5
94.0683,0.391133,-0.00608787,1.5
94.1349,0.3899,-0.00608787,1.5
94.2016,0.38867,-0.00608787,1.5
94.2681,0.387442,-0.00608787,1.5
94.3349,0.386218,-0.00608787,1.5
94.4015,0.384998,-0.00608787,1.5
94.4683,0.38378,-0.00608787,1.5
94.535,0.382566,-0.00608787,1.5
94.6017,0.381355,-0.00608787,1.5
94.6682,0.380146,-0.00608787,1.5
94.7349,0.378941,-0.00608787,1.5
94.8015,0.377739,-0.00608787,1.5
94.8682,0.376541,-0.00608787,1.5
94.9347,0.375346,-0.00608787,1.5
95.0013,0.374153,-0.00608787,1.5
95.0682,0.372964,-0.00608787,1.5
95.1349,0.371778,-0.00608787,1.5
95.2014,0.370595,-0.00608787,1.5
95.2681,0.369415,-0.00608787,1.5
95.3351,0.368238,-0.00608787,1.5
95.4013,0.367065,-0.00608787,1.5
95.4681,0.365895,-0.00608787,1.5
95.5346,0.364729,-0.00608787,1.5
95.6012,0.363566,-0.00608787,1.5
95.6682,0.362407,-0.00608787,1.5
95.735,0.36125,-0.00608787,1.5
95.8016,0.360096,-0.00608787,1.5
95.8682,0.358946,-0.00608787,1.5
95.9349,0.3578,-0.00608787,1.5
96.0015,0.356658,-0.00608787,1.5
96.0682,0.35552,-0.00608787,1.5
96.1348,0.354386,-0.00608787,1.5
96.2016,0.353255,-0.00608787,1.5
96.2683,0.352128,-0.00608787,1.5
96.335,0.351005,-0.00608787,1.5
96.4013,0.349885,-0.00608787,1.5
96.4681,0.348769,-0.00608787,1.5
96.5348,0.347656,-0.00608787,1.5
96.6014,0.346546,-0.00608787,1.5
96.668,0.345441,-0.00608787,1.5
96.7356,0.344337,-0.00608787,1.5
96.8017,0.343238,-0.00608787,1.5
96.8682,0.342143,-0.00608787,1.5
96.935,0.34105,-0.00608787,1.5
97.0018,0.339961,-0.00608787,1.5
97.0682,0.338876,-0.00608787,1.5
97.1346,0.337794,-0.00608787,1.5
97.2014,0.336715,-0.00608787,1.5
97.2683,0.335641,-0.00608787,1.5
97.3349,0.334569,-0.00608787,1.5
97.4016,0.333501,-0.00608787,1.5
97.4683,0.332437,-0.00608787,1.5
97.535,0.331375,-0.00608787,1.5
97.6014,0.330317,-0.00608787,1.5
97.6681,0.329262,-0.00608787,1.5
97.7348,0.32821,-0.00608787,1.5
97.8017,0.327161,-0.00608787,1.5
97.8683,0.326115,-0.00608787,1.5
97.9349,0.325071,-0.00608787,1.5
98.0018,0.32403,-0.00608787,1.5
98.0683,0.322992,-0.00608787,1.5
98.1348,0.321961,-0.00608787,1.5
98.2016,0.320932,-0.00608787,1.5
98.2682,0.319907,-0.00608787,1.5
98.3349,0.318885,-0.00608787,1.5
98.4016,0.317865,-0.00608787,1.5
98.4682,0.31685,-0.00608787,1.5
98.5351,0.315837,-0.00608787,1.5
98.6014,0.314827,-0.00608787,1.5
98.668,0.313821,-0.00608787,1.5
98.7348,0.312818,-0.00608787,1.5
98.8014,0.311818,-0.00608787,1.5
98.8682,0.310821,-0.00608787,1.5
98.9348,0.309827,-0.00608787,1.5
99.0015,0.308836,-0.00608787,1.5
99.0682,0.307848,-0.00608787,1.5
99.1351,0.306864,-0.00608787,1.5
99.2015,0.305882,-0.00608787,1.5
99.2682,0.304905,-0.00608787,1.5
99.3348,0.30393,-0.00608787,1.5
99.4017,0.302957,-0.00608787,1.5
99.4682,0.301989,-0.00608787,1.5
99.5349,0.301023,-0.00608787,1.5
99.6017,0.30006,-0.00608787,1.5
99.6683,0.2991,-0.00608787,1.5
99.7348,0.298143,-0.00608787,1.5
99.8014,0.297188,-0.00608787,1.5
99.8681,0.296237,-0.00608787,1.5
99.9348,0.295288,-0.00608787,1.5
100.002,0.295288,-0.00608787,1.5
100.068,0.295288,-0.00608787,1.5
100.135,0.295288,-0.00608787,1.5
100.202,0.295288,-0.00608787,1.5
100.268,0.295288,-0.00608787,1.5
100.335,0.295288,-0.00608787,1.5
100.401,0.295288,-0.00608787,1.5
100.468,0.295288,-0.00608787,1.5
100.535,0.295288,-0.00608787,1.5
100.602,0.295288,-0.00608787,1.5
100.668,0.295288,-0.00608787,1.5
100.735,0.295288,-0.00608787,1.5
100.802,0.295288,-0.00608787,1.5
100.868,0.295288,-0.00608787,1.5
100.935,0.295288,-0.00608787,1.5
101.002,0.295288,-0.00608787,1.5
101.068,0.295288,-0.00608787,1.5
101.135,0.295288,-0.00608787,1.5
101.202,0.295288,-0.00608787,1.5
101.268,0.295288,-0.00608787,1.5
101.335,0.295288,-0.00608787,1.5
101.402,0.295288,-0.00608787,1.5
101.468,0.295288,-0.00608787,1.5
101.535,0.295288,-0.00608787,1.5
101.602,0.295288,-0.00608787,1.5
101.668,0.295288,-0.00608787,1.5
101.735,0.295288,-0.00608787,1.5
101.802,0.295288,-0.00608787,1.5
101.868,0.295288,-0.00608787,1.5
101.935,0.295288,-0.00608787,1.5
102.001,0.295288,-0.00608787,1.5
102.068,0.295288,-0.00608787,1.5
102.135,0.295288,-0.00608787,1.5
102.201,0.295288,-0.00608787,1.5
102.268,0.295288,-0.00608787,1.5
102.335,0.295288,-0.00608787,1.5
102.401,0.295288,-0.00608787,1.5
102.468,0.295288,-0.00608787,1.5
102.535,0.295288,-0.00608787,1.5
102.601,0.295288,-0.00608787,1.5
102.668,0.295288,-0.00608787,1.5
102.735,0.295288,-0.00608787,1.5
102.801,0.295288,-0.00608787,1.5
102.868,0.295288,-0.00608787,1.5
102.935,0.295288,-0.00608787,1.5
103.002,0.295288,-0.00608787,1.5
103.068,0.295288,-0.00608787,1.5
103.135,0.295288,-0.00608787,1.5
103.202,0.295288,-0.00608787,1.5
103.268,0.295288,-0.00608787,1.5
103.335,0.295288,-0.00608787,1.5
103.402,0.295288,-0.00608787,1.5
103.468,0.295288,-0.00608787,1.5
103.535,0.295288,-0.00608787,1.5
103.601,0.295288,-0.00608787,1.5
103.668,0.295288,-0.00608787,1.5
103.735,0.295288,-0.00608787,1.5
103.802,0.295288,-0.00608787,1.5
103.868,0.295288,-0.00608787,1.5
103.935,0.295288,-0.00608787,1.5
104.002,0.295288,-0.00608787,1.5
104.068,0.295288,-0.00608787,1.5
104.135,0.295288,-0.00608787,1.5
104.202,0.295288,-0.00608787,1.5
104.268,0.295288,-0.00608787,1.5
104.335,0.295288,-0.00608787,1.5
104.402,0.295288,-0.00608787,1.5
104.468,0.295288,-0.00608787,1.5
104.535,0.295288,-0.00608787,1.5
104.602,0.295288,-0.00608787,1.5
104.668,0.295288,-0.00608787,1.5
104.735,0.295288,-0.00608787,1.5
104.801,0.295288,-0.00608787,1.5
104.868,0.295288,-0.00608787,1.5
104.935,0.295288,-0.00608787,1.5
105.002,0.295288,-0.00608787,1.5
105.068,0.295288,-0.00608787,1.5
105.135,0.295288,-0.00608787,1.5
105.201,0.295288,-0.00608787,1.5
105.268,0.295288,-0.00608787,1.5
105.334,0.295288,-0.00608787,1.5
105.401,0.295288,-0.00608787,1.5
105.468,0.295288,-0.00608787,1.5
105.535,0.295288,-0.00608787,1.5
105.602,0.295288,-0.00608787,1.5
105.668,0.295288,-0.00608787,1.5
105.735,0.295288,-0.00608787,1.5
105.802,0.295288,-0.00608787,1.5
105.868,0.295288,-0.00608787,1.5
105.935,0.295288,-0.00608787,1.5
106.002,0.295288,-0.00608787,1.5
106.068,0.295288,-0.00608787,1.5
106.135,0.295288,-0.00608787,1.5
106.202,0.295288,-0.00608787,1.5
106.268,0.295288,-0.00608787,1.5
106.335,0.295288,-0.00608787,1.5
106.402,0.295288,-0.00608787,1.5
106.468,0.295288,-0.00608787,1.5
106.535,0.295288,-0.00608787,1.5
106.601,0.295288,-0.00608787,1.5
106.668,0.295288,-0.00608787,1.5
106.735,0.295288,-0.00608787,1.5
106.801,0.295288,-0.00608787,1.5
106.868,0.295288,-0.00608787,1.5
106.935,0.295288,-0.00608787,1.5
107.001,0.295288,-0.00608787,1.5
107.068,0.295288,-0.00608787,1.5
107.135,0.295288,-0.00608787,1.5
107.202,0.295288,-0.00608787,1.5
107.268,0.295288,-0.00608787,1.5
107.335,0.295288,-0.00608787,1.5
107.401,0.295288,-0.00608787,1.5
107.468,0.295288,-0.00608787,1.5
107.535,0.295288,-0.00608787,1.5
107.601,0.295288,-0.00608787,1.5
107.668,0.295288,-0.00608787,1.5
107.735,0.295288,-0.00608787,1.5
107.802,0.295288,-0.00608787,1.5
107.868,0.295288,-0.00608787,1.5
107.935,0.295288,-0.00608787,1.5
108.002,0.295288,-0.00608787,1.5
108.068,0.295288,-0.00608787,1.5
108.135,0.295288,-0.00608787,1.5
108.202,0.295288,-0.00608787,1.5
108.268,0.295288,-0.00608787,1.5
108.335,0.295288,-0.00608787,1.5
108.402,0.295288,-0.00608787,1.5
108.468,0.295288,-0.00608787,1.5
108.535,0.295288,-0.00608787,1.5
108.601,0.295288,-0.00608787,1.5
108.668,0.295288,-0.00608787,1.5
108.735,0.295288,-0.00608787,1.5
108.802,0.295288,-0.00608787,1.5
108.868,0.295288,-0.00608787,1.5
108.935,0.295288,-0.00608787,1.5
109.001,0.295288,-0.00608787,1.5
109.068,0.295288,-0.00608787,1.5
109.135,0.295288,-0.00608787,1.5
109.201,0.295288,-0.00608787,1.5
109.268,0.295288,-0.00608787,1.5
109.335,0.295288,-0.00608787,1.5
109.401,0.295288,-0.00608787,1.5
109.468,0.295288,-0.00608787,1.5
109.535,0.295288,-0.00608787,1.5
109.601,0.295288,-0.00608787,1.5
109.668,0.295288,-0.00608787,1.5
109.735,0.295288,-0.00608787,1.5
109.802,0.295288,-0.00608787,1.5
109.869,0.295288,-0.00608787,1.5
109.935,0.295288,-0.00608787,1.5
110.001,0.295288,-0.00608787,1.5
110.068,0.295288,-0.00608787,1.5
110.135,0.295288,-0.00608787,1.5
110.201,0.295288,-0.00608787,1.5
110.268,0.295288,-0.00608787,1.5
110.335,0.295288,-0.00608787,1.5
110.401,0.295288,-0.00608787,1.5
110.468,0.295288,-0.00608787,1.5
110.535,0.295288,-0.00608787,1.5
110.601,0.295288,-0.00608787,1.5
110.668,0.295288,-0.00608787,1.5
110.735,0.295288,-0.00608787,1.5
110.802,0.295288,-0.00608787,1.5
110.868,0.295288,-0.00608787,1.5
110.935,0.295288,-0.00608787,1.5
111.002,0.295288,-0.00608787,1.5
111.068,0.295288,-0.00608787,1.5
111.135,0.295288,-0.00608787,1.5
111.201,0.295288,-0.00608787,1.5
111.268,0.295288,-0.00608787,1.5
111.335,0.295288,-0.00608787,1.5
111.401,0.295288,-0.00608787,1.5
111.468,0.295288,-0.00608787,1.5
111.535,0.295288,-0.00608787,1.5
111.602,0.295288,-0.00608787,1.5
111.668,0.295288,-0.00608787,1.5
111.735,0.295288,-0.00608787,1.5
111.802,0.295288,-0.00608787,1.5
111.868,0.295288,-0.00608787,1.5
111.935,0.295288,-0.00608787,1.5
112.002,0.295288,-0.00608787,1.5
112.068,0.295288,-0.00608787,1.5
112.135,0.295288,-0.00608787,1.5
112.202,0.295288,-0.00608787,1.5
112.268,0.295288,-0.00608787,1.5
112.335,0.295288,-0.00608787,1.5
112.401,0.295288,-0.00608787,1.5
112.468,0.295288,-0.00608787,1.5
112.535,0.295288,-0.00608787,1.5
112.602,0.295288,-0.00608787,1.5
112.668,0.295288,-0.00608787,1.5
112.735,0.295288,-0.00608787,1.5
112.801,0.295288,-0.00608787,1.5
112.868,0.295288,-0.00608787,1.5
112.935,0.295288,-0.00608787,1.5
113.002,0.295288,-0.00608787,1.5
113.068,0.295288,-0.00608787,1.5
113.135,0.295288,-0.00608787,1.5
113.202,0.295288,-0.00608787,1.5
113.268,0.295288,-0.00608787,1.5
113.335,0.295288,-0.00608787,1.5
113.401,0.295288,-0.00608787,1.5
113.468,0.295288,-0.00631286,1.5
113.535,0.295288,-0.00653738,1.5
113.602,0.295288,-0.00676139,1.5
113.668,0.295288,-0.00698497,1.5
113.735,0.295288,-0.00720807,1.5
113.801,0.295288,-0.00743068,1.5
113.868,0.295288,-0.0076528,1.5
113.935,0.295288,-0.00787445,1.5
114.001,0.295288,-0.00809564,1.5
114.068,0.295288,-0.00831629,1.5
114.135,0.295288,-0.00853644,1.5
114.202,0.295288,-0.00875613,1.5
114.268,0.295288,-0.00897532,1.5
114.335,0.295288,-0.00919411,1.5
114.401,0.295288,-0.00941246,1.5
114.468,0.295288,-0.00963037,1.5
114.535,0.295288,-0.0098478,1.5
114.601,0.295288,-0.0100648,1.5
114.668,0.295288,-0.0102813,1.5
114.735,0.295288,-0.0104973,1.5
114.802,0.295288,-0.0107129,1.5
114.868,0.295288,-0.010928,1.5
114.935,0.295288,-0.0111425,1.5
115.002,0.295288,-0.0113566,1.5
115.068,0.295288,-0.0115702,1.5
115.135,0.295288,-0.0117834,1.5
115.202,0.295288,-0.0119962,1.5
115.268,0.295288,-0.0122086,1.5
115.335,0.295288,-0.0124204,1.5
115.402,0.295288,-0.0126318,1.5
115.468,0.295288,-0.0128427,1.5
115.535,0.295288,-0.0130532,1.5
115.601,0.295288,-0.0132632,1.5
115.668,0.295288,-0.0134727,1.5
115.735,0.295288,-0.0136818,1.5
115.801,0.295288,-0.0138904,1.5
115.868,0.295288,-0.0140985,1.5
115.935,0.295288,-0.0143061,1.5
116.002,0.295288,-0.0145133,1.5
116.068,0.295288,-0.0147201,1.5
116.135,0.295288,-0.0149264,1.5
116.202,0.295288,-0.0151322,1.5
116.268,0.295288,-0.0153376,1.5
116.335,0.295288,-0.0155424,1.5
116.402,0.295288,-0.0157469,1.5
116.468,0.295288,-0.015951,1.5
116.535,0.295288,-0.0161545,1.5
116.601,0.295288,-0.0163576,1.5
116.668,0.295288,-0.0165603,1.5
116.735,0.295288,-0.0167625,1.5
116.802,0.295288,-0.0169642,1.5
116.868,0.295288,-0.0171656,1.5
116.935,0.295288,-0.0173664,1.5
117.002,0.295288,-0.0175669,1.5
117.068,0.295288,-0.0177668,1.5
117.135,0.295288,-0.0179664,1.5
117.201,0.295288,-0.0181655,1.5
117.268,0.295288,-0.0183642,1.5
117.335,0.295288,-0.0185625,1.5
117.402,0.295288,-0.0187603,1.5
117.468,0.295288,-0.0189576,1.5
117.535,0.295288,-0.0191546,1.5
117.602,0.295288,-0.0193511,1.5
117.668,0.295288,-0.0195472,1.5
117.735,0.295288,-0.0197428,1.5
117.802,0.295288,-0.0199381,1.5
117.868,0.295288,-0.0201329,1.5
117.935,0.295288,-0.0203273,1.5
118.002,0.295288,-0.0205213,1.5
118.068,0.295288,-0.0207149,1.5
118.135,0.295288,-0.0209081,1.5
118.201,0.295288,-0.0211008,1.5
118.268,0.295288,-0.0212932,1.5
118.335,0.295288,-0.0214851,1.5
118.401,0.295288,-0.0216766,1.5
118.468,0.295288,-0.0218677,1.5
118.535,0.295288,-0.0220584,1.5
118.601,0.295288,-0.0222486,1.5
118.668,0.295288,-0.0224384,1.5
118.735,0.295288,-0.0226278,1.5
118.802,0.295288,-0.0228168,1.5
118.868,0.295288,-0.0230055,1.5
118.935,0.295288,-0.0231936,1.5
119.002,0.295288,-0.0233814,1.5
119.068,0.295288,-0.0235688,1.5
119.135,0.295288,-0.0237558,1.5
119.202,0.295288,-0.0239423,1.5
119.268,0.295288,-0.0241285,1.5
119.335,0.295288,-0.0243142,1.5
119.402,0.295288,-0.0244996,1.5
119.468,0.295288,-0.0246845,1.5
119.535,0.295288,-0.0248691,1.5
119.602,0.295288,-0.0250532,1.5
119.668,0.295288,-0.0252369,1.5
119.735,0.295288,-0.0254203,1.5
119.801,0.295288,-0.0256032,1.5
119.868,0.295288,-0.0257857,1.5
119.935,0.295288,-0.0259678,1.5
120.001,0.295288,-0.0261495,1.5
120.069,0.295288,-0.0263309,1.5
120.135,0.295288,-0.0265118,1.5
120.201,0.295288,-0.0266923,1.5
120.268,0.295288,-0.0268724,1.5
120.335,0.295288,-0.0270521,1.5
120.401,0.295288,-0.0272314,1.5
120.468,0.295288,-0.0274104,1.5
120.535,0.295288,-0.0275889,1.5
120.601,0.295288,-0.027767,1.5
120.668,0.295288,-0.0279447,1.5
120.735,0.295288,-0.028122,1.5
120.802,0.295288,-0.0282989,1.5
120.868,0.295288,-0.0284755,1.5
120.935,0.295288,-0.0286517,1.5
121.001,0.295288,-0.0288274,1.5
121.068,0.295288,-0.0290028,1.5
121.135,0.295288,-0.0291777,1.5
121.201,0.295288,-0.0293523,1.5
121.268,0.295288,-0.0295264,1.5
121.335,0.295288,-0.0297002,1.5
121.401,0.295288,-0.0298736,1.5
121.468,0.295288,-0.0300466,1.5
121.535,0.295288,-0.0302192,1.5
121.601,0.295288,-0.0303915,1.5
121.668,0.295288,-0.0305633,1.5
121.735,0.295288,-0.0307348,1.5
121.801,0.295288,-0.0309059,1.5
121.868,0.295288,-0.0310766,1.5
121.935,0.295288,-0.0312468,1.5
122.002,0.295288,-0.0314167,1.5
122.068,0.295288,-0.0315863,1.5
122.135,0.295288,-0.0317554,1.5
122.201,0.295288,-0.0319242,1.5
122.268,0.295288,-0.0320925,1.5
122.335,0.295288,-0.0322605,1.5
122.402,0.295288,-0.0324281,1.5
122.468,0.295288,-0.0325954,1.5
122.535,0.295288,-0.0327622,1.5
122.601,0.295288,-0.0329287,1.5
122.668,0.295288,-0.0330948,1.5
122.735,0.295288,-0.0332605,1.5
122.801,0.295288,-0.0334258,1.5
122.868,0.295288,-0.0335908,1.5
122.935,0.295288,-0.0337554,1.5
123.002,0.295288,-0.0339196,1.5
123.068,0.295288,-0.0340835,1.5
123.135,0.295288,-0.0342469,1.5
123.201,0.295288,-0.03441,1.5
123.268,0.295288,-0.0345727,1.5
123.335,0.295288,-0.034735,1.5
123.401,0.295288,-0.0348969,1.5
123.468,0.295288,-0.0350584,1.5
123.535,0.295288,-0.0352196,1.5
123.602,0.295288,-0.0353804,1.5
123.668,0.295288,-0.0355409,1.5
123.735,0.295288,-0.035701,1.5
123.801,0.295288,-0.0358607,1.5
123.868,0.295288,-0.0360201,1.5
123.935,0.295288,-0.0361791,1.5
124.001,0.295288,-0.0363377,1.5
124.068,0.295288,-0.036496,1.5
124.135,0.295288,-0.0366539,1.5
124.201,0.295288,-0.0368114,1.5
124.268,0.295288,-0.0369686,1.5
124.335,0.295288,-0.0371254,1.5
124.402,0.295288,-0.0372819,1.5
124.468,0.295288,-0.037438,1.5
124.535,0.295288,-0.0375937,1.5
124.602,0.295288,-0.037749,1.5
124.668,0.295288,-0.037904,1.5
124.735,0.295288,-0.0380586,1.5
124.801,0.295288,-0.0382129,1.5
124.868,0.295288,-0.0383668,1.5
124.935,0.295288,-0.0385204,1.5
125.002,0.295288,-0.0386735,1.5
125.068,0.295288,-0.0388264,1.5
125.135,0.295288,-0.0389788,1.5
125.202,0.295288,-0.0391309,1.5
125.268,0.295288,-0.0392827,1.5
125.334,0.295288,-0.0394341,1.5
125.401,0.295288,-0.0395852,1.5
125.468,0.295288,-0.0397358,1.5
125.535,0.295288,-0.0398862,1.5
125.601,0.295288,-0.0400362,1.5
125.668,0.295288,-0.0401858,1.5
125.735,0.295288,-0.0403351,1.5
125.801,0.295288,-0.040484,1.5
125.868,0.295288,-0.0406325,1.5
125.935,0.295288,-0.0407808,1.5
126.001,0.295288,-0.0409286,1.5
126.068,0.295288,-0.0410761,1.5
126.135,0.295288,-0.0412233,1.5
126.201,0.295288,-0.0413701,1.5
126.268,0.295288,-0.0415165,1.5
126.335,0.295288,-0.0416626,1.5
126.401,0.295288,-0.0418084,1.5
126.468,0.295288,-0.0419538,1.5
126.534,0.295288,-0.0420989,1.5
126.601,0.295288,-0.0422436,1.5
126.668,0.295288,-0.042388,1.5
126.735,0.295288,-0.042532,1.5
126.801,0.295288,-0.0426757,1.5
126.868,0.295288,-0.042819,1.5
126.935,0.295288,-0.042962,1.5
127.001,0.295288,-0.0431047,1.5
127.068,0.295288,-0.043247,1.5
127.135,0.295288,-0.043389,1.5
127.201,0.295288,-0.0435306,1.5
127.268,0.295288,-0.0436719,1.5
127.335,0.295288,-0.0438128,1.5
127.401,0.295288,-0.0439535,1.5
127.468,0.295288,-0.0440937,1.5
127.535,0.295288,-0.0442337,1.5
127.601,0.295288,-0.0443733,1.5
127.668,0.295288,-0.0445126,1.5
127.735,0.295288,-0.0446515,1.5
127.801,0.295288,-0.0447901,1.5
127.868,0.295288,-0.0449284,1.5
127.935,0.295288,-0.0450663,1.5
128.001,0.295288,-0.0452039,1.5
128.068,0.295288,-0.0453411,1.5
128.135,0.295288,-0.0454781,1.5
128.202,0.295288,-0.0456147,1.5
128.268,0.295288,-0.0457509,1.5
128.335,0.295288,-0.0458869,1.5
128.402,0.295288,-0.0460225,1.5
128.468,0.295288,-0.0461578,1.5
128.535,0.295288,-0.0462927,1.5
128.602,0.295288,-0.0464273,1.5
128.668,0.295288,-0.0465616,1.5
128.734,0.295288,-0.0466956,1.5
128.801,0.295288,-0.0468292,1.5
128.868,0.295288,-0.0469625,1.5
128.935,0.295288,-0.0470955,1.5
129.002,0.295288,-0.0472282,1.5
129.068,0.295288,-0.0473606,1.5
129.135,0.295288,-0.0474926,1.5
129.201,0.295288,-0.0476243,1.5
129.268,0.295288,-0.0477556,1.5
129.335,0.295288,-0.0478867,1.5
129.401,0.295288,-0.0480174,1.5
129.468,0.295288,-0.0481479,1.5
129.535,0.295288,-0.048278,1.5
129.601,0.295288,-0.0484077,1.5
129.668,0.295288,-0.0485372,1.5
129.735,0.295288,-0.0486663,1.5
129.801,0.295288,-0.0487952,1.5
129.868,0.295288,-0.0489237,1.5
129.935,0.295288,-0.0490519,1.5
130.002,0.295288,-0.0491798,1.5
130.068,0.295288,-0.0493073,1.5
130.135,0.295288,-0.0494346,1.5
130.202,0.295288,-0.0495615,1.5
130.268,0.295288,-0.0496881,1.5
130.335,0.295288,-0.0498144,1.5
130.402,0.295288,-0.0499404,1.5
130.468,0.295288,-0.0500661,1.5
130.535,0.295288,-0.0501915,1.5
130.602,0.295288,-0.0503166,1.5
130.668,0.295288,-0.0504413,1.5
130.735,0.295288,-0.0505658,1.5
130.801,0.295288,-0.0506899,1.5
130.868,0.295288,-0.0508137,1.5
130.935,0.295288,-0.0509373,1.5
131.002,0.295288,-0.0510605,1.5
131.068,0.295288,-0.0511834,1.5
131.135,0.295288,-0.051306,1.5
131.201,0.295288,-0.0514283,1.5
131.268,0.295288,-0.0515503,1.5
131.335,0.295288,-0.051672,1.5
131.401,0.295288,-0.0517934,1.5
131.468,0.295288,-0.0519145,1.5
131.535,0.295288,-0.0520352,1.5
131.601,0.295288,-0.0521557,1.5
131.668,0.295288,-0.0522759,1.5
131.735,0.295288,-0.0523958,1.5
131.801,0.295288,-0.0525153,1.5
131.868,0.295288,-0.0526346,1.5
131.935,0.295288,-0.0527536,1.5
132.001,0.295288,-0.0528723,1.5
132.068,0.295288,-0.0529907,1.5
132.135,0.295288,-0.0531088,1.5
132.202,0.295288,-0.0532265,1.5
132.268,0.295288,-0.053344,1.5
132.335,0.295288,-0.0534612,1.5
132.401,0.295288,-0.0535781,1.5
132.468,0.295288,-0.0536947,1.5
132.535,0.295288,-0.0538111,1.5
132.601,0.295288,-0.0539271,1.5
132.668,0.295288,-0.0540428,1.5
132.735,0.295288,-0.0541582,1.5
132.801,0.295288,-0.0542734,1.5
132.868,0.295288,-0.0543882,1.5
132.935,0.295288,-0.0545028,1.5
133.001,0.295288,-0.0546171,1.5
133.068,0.295288,-0.0547311,1.5
133.135,0.295288,-0.0548448,1.5
133.201,0.295288,-0.0549582,1.5
133.268,0.295288,-0.0550713,1.5
133.335,0.295288,-0.0551841,1.5
133.401,0.295288,-0.0552967,1.5
133.468,0.295288,-0.0554089,1.5
133.535,0.295288,-0.0555209,1.5
133.601,0.295288,-0.0556326,1.5
133.668,0.295288,-0.055744,1.5
133.735,0.295288,-0.0558552,1.5
133.801,0.295288,-0.055966,1.5
133.868,0.295288,-0.0560766,1.5
133.935,0.295288,-0.0561869,1.5
134.001,0.295288,-0.0562969,1.5
134.068,0.295288,-0.0564066,1.5
134.135,0.295288,-0.056516,1.5
134.202,0.295288,-0.0566252,1.5
134.268,0.295288,-0.0567341,1.5
134.335,0.295288,-0.0568427,1.5
134.401,0.295288,-0.0569511,1.5
134.468,0.295288,-0.0570591,1.5
134.535,0.295288,-0.0571669,1.5
134.601,0.295288,-0.0572744,1.5
134.668,0.295288,-0.0573816,1.5
134.734,0.295288,-0.0574886,1.5
134.801,0.295288,-0.0575953,1.5
134.868,0.295288,-0.0577017,1.5
134.935,0.295288,-0.0578079,1.5
135.001,0.295288,-0.0579137,1.5
135.068,0.295288,-0.0580193,1.5
135.135,0.295288,-0.0581247,1.5
135.201,0.295288,-0.0582297,1.5
135.268,0.295288,-0.0583345,1.5
135.335,0.295288,-0.058439,1.5
135.401,0.295288,-0.0585433,1.5
135.468,0.295288,-0.0586473,1.5
135.535,0.295288,-0.058751,1.5
135.601,0.295288,-0.0588544,1.5
135.668,0.295288,-0.0589576,1.5
135.734,0.295288,-0.0590605,1.5
135.801,0.295288,-0.0591632,1.5
135.868,0.295288,-0.0592656,1.5
135.935,0.295288,-0.0593677,1.5
136.001,0.295288,-0.0594696,1.5
136.068,0.295288,-0.0595712,1.5
136.134,0.295288,-0.0596725,1.5
136.201,0.295288,-0.0597736,1.5
136.268,0.295288,-0.0598744,1.5
136.334,0.295288,-0.059975,1.5
136.401,0.295288,-0.0600753,1.5
136.468,0.295288,-0.0601753,1.5
136.535,0.295288,-0.0602751,1.5
136.601,0.295288,-0.0603747,1.5
136.668,0.295288,-0.0604739,1.5
136.735,0.295288,-0.060573,1.5
136.801,0.295288,-0.0606717,1.5
136.868,0.295288,-0.0607702,1.5
136.935,0.295288,-0.0608685,1.5
137.001,0.295288,-0.0609665,1.5
137.068,0.295288,-0.0610642,1.5
137.135,0.295288,-0.0611617,1.5
137.201,0.295288,-0.0612589,1.5
137.268,0.295288,-0.0613559,1.5
137.334,0.295288,-0.0614526,1.5
137.401,0.295288,-0.0615491,1.5
137.468,0.295288,-0.0616453,1.5
137.535,0.295288,-0.0617413,1.5
137.601,0.295288,-0.061837,1.5
137.668,0.295288,-0.0619325,1.5
137.734,0.295288,-0.0620277,1.5
137.801,0.295288,-0.0621227,1.5
137.868,0.295288,-0.0622175,1.5
137.934,0.295288,-0.0623119,1.5
138.002,0.295288,-0.0624062,1.5
138.068,0.295288,-0.0625002,1.5
138.135,0.295288,-0.062594,1.5
138.202,0.295288,-0.0626875,1.5
138.268,0.295288,-0.0627807,1.5
138.334,0.295288,-0.0628738,1.5
138.401,0.295288,-0.0629666,1.5
138.468,0.295288,-0.0630591,1.5
138.535,0.295288,-0.0631514,1.5
138.601,0.295288,-0.0632435,1.5
138.668,0.295288,-0.0633353,1.5
138.735,0.295288,-0.0634269,1.5
138.801,0.295288,-0.0635183,1.5
138.868,0.295288,-0.0636094,1.5
138.935,0.295288,-0.0637002,1.5
139.001,0.295288,-0.0637909,1.5
139.068,0.295288,-0.0638813,1.5
139.135,0.295288,-0.0639714,1.5
139.201,0.295288,-0.0640613,1.5
139.268,0.295288,-0.064151,1.5
139.335,0.295288,-0.0642405,1.5
139.401,0.295288,-0.0643297,1.5
139.468,0.295288,-0.0644186,1.5
139.535,0.295288,-0.0645074,1.5
139.602,0.295288,-0.0645959,1.5
139.668,0.295288,-0.0646841,1.5
139.735,0.295288,-0.0647722,1.5
139.801,0.295288,-0.06486,1.5
139.868,0.295288,-0.0649475,1.5
139.935,0.295288,-0.0650349,1.5
140.001,0.295288,-0.065122,1.5
140.068,0.295288,-0.0652089,1.5
140.135,0.295288,-0.0652955,1.5
140.201,0.295288,-0.0653819,1.5
140.268,0.295288,-0.0654681,1.5
140.335,0.295288,-0.065554,1.5
140.402,0.295288,-0.0656397,1.5
140.468,0.295288,-0.0657252,1.5
140.535,0.295288,-0.0658105,1.5
140.601,0.295288,-0.0658955,1.5
140.668,0.295288,-0.0659803,1.5
140.735,0.295288,-0.0660649,1.5
140.801,0.295288,-0.0661492,1.5
140.868,0.295288,-0.0662333,1.5
140.935,0.295288,-0.0663172,1.5
141.001,0.295288,-0.0664009,1.5
141.068,0.295288,-0.0664843,1.5
141.135,0.295288,-0.0665676,1.5
141.202,0.295288,-0.0666506,1.5
141.268,0.295288,-0.0667333,1.5
141.335,0.295288,-0.0668159,1.5
141.401,0.295288,-0.0668982,1.5
141.468,0.295288,-0.0669803,1.5
141.535,0.295288,-0.0670622,1.5
141.601,0.295288,-0.0671439,1.5
141.668,0.295288,-0.0672253,1.5
141.734,0.295288,-0.0673066,1.5
141.802,0.295288,-0.0673876,1.5
141.868,0.295288,-0.0674684,1.5
141.935,0.295288,-0.067549,1.5
142.001,0.295288,-0.0676293,1.5
142.068,0.295288,-0.0677095,1.5
142.135,0.295288,-0.0677894,1.5
142.201,0.295288,-0.0678691,1.5
142.268,0.295288,-0.0679485,1.5
142.335,0.295288,-0.0680278,1.5
142.402,0.295288,-0.0681069,1.5
142.468,0.295288,-0.0681857,1.5
142.535,0.295288,-0.0682643,1.5
142.601,0.295288,-0.0683428,1.5
142.668,0.295288,-0.068421,1.5
142.735,0.295288,-0.0684989,1.5
142.801,0.295288,-0.0685767,1.5
142.868,0.295288,-0.0686543,1.5
142.935,0.295288,-0.0687316,1.5
143.001,0.295288,-0.0688088,1.5
143.068,0.295288,-0.0688857,1.5
143.135,0.295288,-0.0689624,1.5
143.201,0.295288,-0.069039,1.5
143.268,0.295288,-0.0691153,1.5
143.334,0.295288,-0.0691914,1.5
143.401,0.295288,-0.0692673,1.5
143.468,0.295288,-0.069343,1.5
143.535,0.295288,-0.0694184,1.5
143.601,0.295288,-0.0694937,1.5
143.668,0.295288,-0.0695688,1.5
143.735,0.295288,-0.0696437,1.5
143.801,0.295288,-0.0697184,1.5
143.868,0.295288,-0.0697928,1.5
143.935,0.295288,-0.0698671,1.5
144.002,0.295288,-0.0699412,1.5
144.068,0.295288,-0.070015,1.5
144.135,0.295288,-0.0700887,1.5
144.201,0.295288,-0.0701621,1.5
144.268,0.295288,-0.0702354,1.5
144.335,0.295288,-0.0703085,1.5
144.401,0.295288,-0.0703813,1.5
144.468,0.295288,-0.070454,1.5
144.535,0.295288,-0.0705265,1.5
144.601,0.295288,-0.0705988,1.5
144.668,0.295288,-0.0706708,1.5
144.735,0.295288,-0.0707427,1.5
144.802,0.295288,-0.0708144,1.5
144.868,0.295288,-0.0708859,1.5
144.935,0.295288,-0.0709572,1.5
145.001,0.295288,-0.0710283,1.5
145.068,0.295288,-0.0710992,1.5
145.135,0.295288,-0.0711699,1.5
145.202,0.295288,-0.0712405,1.5
145.268,0.295288,-0.0713108,1.5
145.335,0.295288,-0.071381,1.5
145.401,0.295288,-0.0714509,1.5
145.468,0.295288,-0.0715207,1.5
145.535,0.295288,-0.0715903,1.5
145.601,0.295288,-0.0716597,1.5
145.668,0.295288,-0.0717289,1.5
145.735,0.295288,-0.0717979,1.5
145.801,0.295288,-0.0718667,1.5
145.868,0.295288,-0.0719353,1.5
145.935,0.295288,-0.0720038,1.5
146.001,0.295288,-0.0720721,1.5
146.068,0.295288,-0.0721401,1.5
146.135,0.295288,-0.072208,1.5
146.201,0.295288,-0.0722757,1.5
146.268,0.295288,-0.0723432,1.5
146.335,0.295288,-0.0724104,1.5
146.402,0.295288,-0.0724776,1.5
146.468,0.295288,-0.0725445,1.5
146.535,0.295288,-0.0726112,1.5
146.601,0.295288,-0.0726778,1.5
146.668,0.295288,-0.0727442,1.5
146.735,0.295288,-0.0728104,1.5
146.802,0.295288,-0.0728764,1.5
146.868,0.295288,-0.0729422,1.5
146.935,0.295288,-0.0730079,1.5
147.002,0.295288,-0.0730734,1.5
147.068,0.295288,-0.0731387,1.5
147.135,0.295288,-0.0732038,1.5
147.201,0.295288,-0.0732687,1.5
147.268,0.295288,-0.0733335,1.5
147.335,0.295288,-0.0733981,1.5
147.401,0.295288,-0.0734624,1.5
147.468,0.295288,-0.0735266,1.5
147.535,0.295288,-0.0735906,1.5
147.601,0.295288,-0.0736545,1.5
147.668,0.295288,-0.0737181,1.5
147.735,0.295288,-0.0737816,1.5
147.801,0.295288,-0.0738449,1.5
147.868,0.295288,-0.073908,1.5
147.935,0.295288,-0.073971,1.5
148.001,0.295288,-0.0740338,1.5
148.068,0.295288,-0.0740964,1.5
148.135,0.295288,-0.0741588,1.5
148.201,0.295288,-0.0742211,1.5
148.268,0.295288,-0.0742832,1.5
148.335,0.295288,-0.0743451,1.5
148.401,0.295288,-0.0744068,1.5
148.468,0.295288,-0.0744684,1.5
148.535,0.295288,-0.0745298,1.5
148.601,0.295288,-0.0745911,1.5
148.668,0.295288,-0.0746521,1.5
148.734,0.295288,-0.074713,1.5
148.801,0.295288,-0.0747738,1.5
148.868,0.295288,-0.0748343,1.5
148.935,0.295288,-0.0748947,1.5
149.001,0.295288,-0.0749549,1.5
149.068,0.295288,-0.075015,1.5
149.135,0.295288,-0.0750749,1.5
149.201,0.295288,-0.0751346,1.5
149.268,0.295288,-0.0751942,1.5
149.335,0.295288,-0.0752536,1.5
149.401,0.295288,-0.0753129,1.5
149.468,0.295288,-0.0753129,1.5
149.535,0.295288,-0.0753129,1.5
149.601,0.295288,-0.0753129,1.5
149.668,0.295288,-0.0753129,1.5
149.735,0.295288,-0.0753129,1.5
149.802,0.295288,-0.0753129,1.5
149.868,0.295288,-0.0753129,1.5
149.935,0.295288,-0.0753129,1.5
150.002,0.295288,-0.0753129,1.5
150.068,0.295288,-0.0753129,1.5
150.135,0.295288,-0.0753129,1.5
150.201,0.295288,-0.0753129,1.5
150.268,0.295288,-0.0753129,1.5
150.335,0.295288,-0.0753129,1.5
150.402,0.295288,-0.0753129,1.5
150.469,0.295288,-0.0753129,1.5
150.535,0.295288,-0.0753129,1.5
150.602,0.295288,-0.0753129,1.5
150.668,0.295288,-0.0753129,1.5
150.735,0.295288,-0.0753129,1.5
150.802,0.295288,-0.0753129,1.5
150.868,0.295288,-0.0753129,1.5
150.935,0.295288,-0.0753129,1.5
151.001,0.295288,-0.0753129,1.5
151.068,0.295288,-0.0753129,1.5
151.135,0.295288,-0.0753129,1.5
151.202,0.295288,-0.0753129,1.5
151.268,0.295288,-0.0753129,1.5
151.335,0.295288,-0.0753129,1.5
151.401,0.295288,-0.0753129,1.5
151.468,0.295288,-0.0753129,1.5
151.535,0.295288,-0.0753129,1.5
151.601,0.295288,-0.0753129,1.5
151.668,0.295288,-0.0753129,1.5
151.735,0.295288,-0.0753129,1.5
151.802,0.295288,-0.0753129,1.5
151.868,0.295288,-0.0753129,1.5
151.935,0.295288,-0.0753129,1.5
152.001,0.295288,-0.0753129,1.5
152.068,0.295288,-0.0753129,1.5
152.135,0.295288,-0.0753129,1.5
152.202,0.295288,-0.0753129,1.5
152.268,0.295288,-0.0753129,1.5
152.335,0.295288,-0.0753129,1.5
152.402,0.295288,-0.0753129,1.5
152.468,0.295288,-0.0753129,1.5
152.535,0.295288,-0.0753129,1.5
152.601,0.295288,-0.0753129,1.5
152.668,0.295288,-0.0753129,1.5
152.735,0.295288,-0.0753129,1.5
152.801,0.295288,-0.0753129,1.5
152.868,0.295288,-0.0753129,1.5
152.935,0.295288,-0.0753129,1.5
153.002,0.295288,-0.0753129,1.5
153.068,0.295288,-0.0753129,1.5
153.135,0.295288,-0.0753129,1.5
153.202,0.295288,-0.0753129,1.5
153.268,0.295288,-0.0753129,1.5
153.335,0.295288,-0.0753129,1.5
153.401,0.295288,-0.0753129,1.5
153.468,0.295288,-0.0753129,1.5
153.535,0.295288,-0.0753129,1.5
153.601,0.295288,-0.0753129,1.5
153.668,0.295288,-0.0753129,1.5
153.735,0.295288,-0.0753129,1.5
153.802,0.295288,-0.0753129,1.5
153.868,0.295288,-0.0753129,1.5
153.935,0.295288,-0.0753129,1.5
154.001,0.295288,-0.0753129,1.5
154.068,0.295288,-0.0753129,1.5
154.135,0.295288,-0.0753129,1.5
154.202,0.295288,-0.0753129,1.5
154.268,0.295288,-0.0753129,1.5
154.335,0.295288,-0.0753129,1.5
154.401,0.295288,-0.0753129,1.5
154.468,0.295288,-0.0753129,1.5
154.535,0.295288,-0.0753129,1.5
154.601,0.295288,-0.0753129,1.5
154.668,0.295288,-0.0753129,1.5
154.735,0.295288,-0.0753129,1.5
154.801,0.295288,-0.0753129,1.5
154.868,0.295288,-0.0753129,1.5
154.935,0.295288,-0.0753129,1.5
155.002,0.295288,-0.0753129,1.5
155.068,0.295288,-0.0753129,1.5
155.135,0.295288,-0.0753129,1.5
155.202,0.295288,-0.0753129,1.5
155.268,0.295288,-0.0753129,1.5
155.335,0.295288,-0.0753129,1.5
155.401,0.295288,-0.0753129,1.5
155.469,0.295288,-0.0753129,1.5
155.535,0.295288,-0.0753129,1.5
155.601,0.295288,-0.0753129,1.5
155.668,0.295288,-0.0753129,1.5
155.735,0.295288,-0.0753129,1.5
155.801,0.295288,-0.0753129,1.5
155.868,0.295288,-0.0753129,1.5
155.935,0.295288,-0.0753129,1.5
156.002,0.295288,-0.0753129,1.5
156.068,0.295288,-0.0753129,1.5
156.135,0.295288,-0.0753129,1.5
156.202,0.295288,-0.0753129,1.5
156.268,0.295288,-0.0753129,1.5
156.335,0.295288,-0.0753129,1.5
156.401,0.295288,-0.0753129,1.5
156.468,0.295288,-0.0753129,1.5
156.535,0.295288,-0.0753129,1.5
156.602,0.295288,-0.0753129,1.5
156.668,0.295288,-0.0753129,1.5
156.735,0.295288,-0.0753129,1.5
156.802,0.295288,-0.0753129,1.5
156.868,0.295288,-0.0753129,1.5
156.935,0.295288,-0.0753129,1.5
157.001,0.295288,-0.0753129,1.5
157.068,0.295288,-0.0753129,1.5
157.135,0.295288,-0.0753129,1.5
157.201,0.295288,-0.0753129,1.5
157.268,0.295288,-0.0753129,1.5
157.335,0.295288,-0.0753129,1.5
157.401,0.295288,-0.0753129,1.5
157.468,0.295288,-0.0753129,1.5
157.535,0.295288,-0.0753129,1.5
157.602,0.295288,-0.0753129,1.5
157.668,0.295288,-0.0753129,1.5
157.735,0.295288,-0.0753129,1.5
157.802,0.295288,-0.0753129,1.5
157.869,0.295288,-0.0753129,1.5
157.935,0.295288,-0.0753129,1.5
158.001,0.295288,-0.0753129,1.5
158.068,0.295288,-0.0753129,1.5
158.135,0.295288,-0.0753129,1.5
158.202,0.295288,-0.0753129,1.5
158.268,0.295288,-0.0753129,1.5
158.335,0.295288,-0.0753129,1.5
158.402,0.295288,-0.0753129,1.5
158.468,0.295288,-0.0753129,1.5
158.535,0.295288,-0.0753129,1.5
158.602,0.295288,-0.0753129,1.5
158.668,0.295288,-0.0753129,1.5
158.736,0.295288,-0.0753129,1.5
158.802,0.295288,-0.0753129,1.5
158.869,0.295288,-0.0753129,1.5
158.935,0.295288,-0.0753129,1.5
159.002,0.295288,-0.0753129,1.5
159.068,0.295288,-0.0753129,1.5
159.135,0.295288,-0.0753129,1.5
159.202,0.295288,-0.0753129,1.5
159.269,0.295288,-0.0753129,1.5
159.335,0.295288,-0.0753129,1.5
159.402,0.295288,-0.0753129,1.5
159.468,0.295288,-0.0753129,1.5
159.535,0.295288,-0.0753129,1.5
159.602,0.295288,-0.0753129,1.5
159.668,0.295288,-0.0753129,1.5
159.735,0.295288,-0.0753129,1.5
159.801,0.295288,-0.0753129,1.5
159.868,0.295288,-0.0753129,1.5
159.935,0.295288,-0.0753129,1.5
160.002,0.295288,-0.0753129,1.5
160.069,0.295288,-0.0753129,1.5
160.135,0.295288,-0.0753129,1.5
160.201,0.295288,-0.0753129,1.5
160.268,0.295288,-0.0753129,1.5
160.335,0.295288,-0.0753129,1.5
160.402,0.295288,-0.0753129,1.5
160.468,0.295288,-0.0753129,1.5
160.535,0.295288,-0.0753129,1.5
160.602,0.295288,-0.0753129,1.5
160.668,0.295288,-0.0753129,1.5
160.735,0.295288,-0.0753129,1.5
160.802,0.295288,-0.0753129,1.5
160.868,0.295288,-0.0753129,1.5
160.935,0.295288,-0.0753129,1.5
161.002,0.295288,-0.0753129,1.5
161.069,0.295288,-0.0753129,1.5
161.135,0.295288,-0.0753129,1.5
161.202,0.295288,-0.0753129,1.5
161.268,0.295288,-0.0753129,1.5
161.335,0.295288,-0.0753129,1.5
161.402,0.295288,-0.0753129,1.5
161.469,0.295288,-0.0753129,1.5
161.535,0.295288,-0.0753129,1.5
161.602,0.295288,-0.0753129,1.5
161.668,0.295288,-0.0753129,1.5
161.735,0.295288,-0.0753129,1.5
161.802,0.295288,-0.0753129,1.5
161.868,0.295288,-0.0753129,1.5
161.935,0.295288,-0.0753129,1.5
162.003,0.295288,-0.0753129,1.5
162.069,0.295288,-0.0753129,1.5
162.135,0.295288,-0.0753129,1.5
162.202,0.295288,-0.0753129,1.5
162.268,0.295288,-0.0753129,1.5
162.335,0.295288,-0.0753129,1.5
162.402,0.295288,-0.0753129,1.5
162.468,0.295288,-0.0753129,1.5
162.535,0.295288,-0.0753129,1.5
162.602,0.295288,-0.0753129,1.5
162.668,0.295288,-0.0753129,1.5
162.735,0.295288,-0.0753129,1.5
162.802,0.295288,-0.0753129,1.5
162.868,0.295288,-0.0753129,1.5
162.935,0.295288,-0.0753129,1.5
163.001,0.295288,-0.0753129,1.5
163.07,0.295288,-0.0753129,1.5
163.135,0.295288,-0.0753129,1.5
163.202,0.295288,-0.0753129,1.5
163.268,0.295288,-0.0753129,1.5
163.335,0.295288,-0.0753129,1.5
163.402,0.295288,-0.0753129,1.5
163.468,0.295288,-0.0753129,1.5
163.535,0.295288,-0.0753129,1.5
163.602,0.295288,-0.0753129,1.5
163.668,0.295288,-0.0753129,1.5
163.735,0.295288,-0.0753129,1.5
163.802,0.295288,-0.0753129,1.5
163.868,0.295288,-0.0753129,1.5
163.935,0.295288,-0.0753129,1.5
164.002,0.295288,-0.0753129,1.5
164.068,0.295288,-0.0753129,1.5
164.135,0.295288,-0.0753129,1.5
164.202,0.295288,-0.0753129,1.5
164.269,0.295288,-0.0753129,1.5
164.335,0.295288,-0.0753129,1.5
164.402,0.295288,-0.0753129,1.5
164.468,0.295288,-0.0753129,1.5
164.535,0.295288,-0.0753129,1.5
164.602,0.295288,-0.0753129,1.5
164.668,0.295288,-0.0753129,1.5
164.735,0.295288,-0.0753129,1.5
164.802,0.295288,-0.0753129,1.5
164.868,0.295288,-0.0753129,1.5
164.935,0.295288,-0.0753129,1.5
165.002,0.295288,-0.0753129,1.5
165.068,0.295288,-0.0753129,1.5
165.134,0.295288,-0.0753129,1.5
165.201,0.295288,-0.0753129,1.5
165.268,0.295288,-0.0753129,1.5
165.335,0.295288,-0.0753129,1.5
165.402,0.295288,-0.0753129,1.5
165.468,0.295288,-0.0753129,1.5
165.536,0.295288,-0.0753129,1.5
165.601,0.295288,-0.0753129,1.5
165.668,0.295288,-0.0753129,1.5
165.735,0.295288,-0.0753129,1.5
165.801,0.295288,-0.0753129,1.5
165.868,0.295288,-0.0753129,1.5
165.935,0.295288,-0.0753129,1.5
166.002,0.295288,-0.0753129,1.5
166.068,0.295288,-0.0753129,1.5
166.135,0.295288,-0.0753129,1.5
166.202,0.295288,-0.0753129,1.5
166.268,0.295288,-0.0753129,1.5
166.335,0.295288,-0.0753129,1.5
166.402,0.295288,-0.0753129,1.5
166.468,0.295288,-0.0753129,1.5
166.535,0.295288,-0.0753129,1.5
166.602,0.295288,-0.0753129,1.5
166.668,0.295288,-0.0753129,1.5
166.735,0.295288,-0.0753129,1.5
166.801,0.295288,-0.0753129,1.5
166.868,0.295288,-0.0753129,1.5
166.935,0.295288,-0.0753129,1.5
167.002,0.295288,-0.0753129,1.5
167.068,0.295288,-0.0753129,1.5
167.135,0.295288,-0.0753129,1.5
167.202,0.295288,-0.0753129,1.5
167.268,0.295288,-0.0753129,1.5
167.335,0.295288,-0.0753129,1.5
167.402,0.295288,-0.0753129,1.5
167.468,0.295288,-0.0753129,1.5
167.535,0.295288,-0.0753129,1.5
167.602,0.295288,-0.0753129,1.5
167.668,0.295288,-0.0753129,1.5
167.735,0.295288,-0.0753129,1.5
167.802,0.295288,-0.0753129,1.5
167.868,0.295288,-0.0753129,1.5
167.935,0.295288,-0.0753129,1.5
168.001,0.295288,-0.0753129,1.5
168.069,0.295288,-0.0753129,1.5
168.135,0.295288,-0.0753129,1.5
168.202,0.295288,-0.0753129,1.5
168.268,0.295288,-0.0753129,1.5
168.335,0.295288,-0.0753129,1.5
168.401,0.295288,-0.0753129,1.5
168.468,0.295288,-0.0753129,1.5
168.535,0.295288,-0.0753129,1.5
168.602,0.295288,-0.0753129,1.5
168.668,0.295288,-0.0753129,1.5
168.735,0.295288,-0.0753129,1.5
168.801,0.295288,-0.0753129,1.5
168.868,0.295288,-0.0753129,1.5
168.935,0.295288,-0.0753129,1.5
169.001,0.295288,-0.0753129,1.5
169.068,0.295288,-0.0753129,1.5
169.135,0.295288,-0.0753129,1.5
169.202,0.295288,-0.0753129,1.5
169.268,0.295288,-0.0753129,1.5
169.335,0.295288,-0.0753129,1.5
169.401,0.295288,-0.0753129,1.5
169.468,0.295288,-0.0753129,1.5
169.535,0.295288,-0.0753129,1.5
169.601,0.295288,-0.0753129,1.5
169.668,0.295288,-0.0753129,1.5
169.776,0.295288,-0.0753129,1.5
