time,ph
0.06245,0.00000
0.08861,0.00000
0.16235,0.00000
0.18827,0.00000
0.26232,0.00000
0.28820,0.00000
0.36218,0.00000
0.38823,0.00000
0.46225,0.00000
0.48860,0.00000
0.56220,0.00000
0.58841,0.00000
0.66220,0.00000
0.68836,0.00000
0.76230,0.00000
0.78856,0.00000
0.86227,0.00000
0.88817,0.00000
0.96257,0.00000
0.98838,0.00000
1.06247,0.00000
1.08844,0.00000
1.16248,0.00000
1.18833,0.00000
1.26243,0.00000
1.28822,0.00000
1.36251,0.00000
1.38833,0.00000
1.46236,0.00000
1.48823,0.00000
1.56230,0.00000
1.58824,0.00000
1.66237,0.00000
1.68830,0.00000
1.76222,0.00000
1.78825,0.00000
1.86230,0.00000
1.88820,0.00000
1.96253,0.00000
1.98822,0.00000
2.06233,0.00000
2.08836,0.00000
2.16226,0.00000
2.18820,0.00000
2.26225,0.00000
2.28851,0.00000
2.36227,0.00000
2.38834,0.00000
2.46219,0.00000
2.48799,0.00000
2.56231,0.00000
2.58804,0.00000
2.66209,0.00000
2.68816,0.00000
2.76247,0.00000
2.78852,0.00000
2.86225,0.00000
2.88875,0.00000
2.96232,0.00000
2.98828,0.00000
3.06244,0.00000
3.08837,0.00000
3.16213,0.00000
3.18828,0.00000
3.26225,0.00000
3.28918,0.00000
3.36235,0.00000
3.38861,0.00000
3.46226,0.00000
3.48925,0.00000
3.56219,0.00000
3.58841,0.00000
3.66229,0.00000
3.68854,0.00000
3.76262,0.00000
3.78876,0.00000
3.86224,0.00000
3.88848,0.00000
3.96220,0.00000
3.98858,0.00000
4.06224,0.00000
4.08859,0.00000
4.16226,0.00000
4.18869,0.00000
4.26270,0.00000
4.28849,0.00000
4.36229,0.00000
4.38813,0.00000
4.46232,0.00000
4.48836,0.00000
4.56232,0.00000
4.58834,0.00000
4.66227,0.00000
4.68821,0.00000
4.76215,0.00000
4.78851,0.00000
4.86229,0.00000
4.88828,0.00000
4.96228,0.00000
4.98823,0.00000
5.06228,0.00000
5.08832,0.00000
5.16214,0.00000
5.18822,0.00000
5.26223,0.00000
5.28847,0.00000
5.36219,0.00000
5.38808,0.00000
5.46215,0.00000
5.48850,0.00000
5.56219,0.00000
5.58837,0.00000
5.66214,0.00000
5.68820,0.00000
5.76222,0.00000
5.78830,0.00000
5.86213,0.00000
5.88840,0.00000
5.96234,0.00000
5.98819,0.00000
6.06204,0.00000
6.08830,0.00000
6.16211,0.00000
6.18838,0.00000
6.26213,0.00000
6.28830,0.00000
6.36208,0.00000
6.38826,0.00000
6.46229,0.00000
6.48832,0.00000
6.56228,0.00000
6.58838,0.00000
6.66218,0.00000
6.68833,0.00000
6.76214,0.00000
6.78835,0.00000
6.86234,0.00000
6.88833,0.00000
6.96224,0.00000
6.98849,0.00000
7.06243,0.00000
7.08856,0.00000
7.16236,0.00000
7.18843,0.00000
7.26241,0.00000
7.28849,0.00000
7.36232,0.00000
7.38827,0.00000
7.46205,0.00000
7.48836,0.00000
7.56259,0.00000
7.58836,0.00000
7.66227,0.00000
7.68825,0.00000
7.76224,0.00000
7.78824,0.00000
7.86221,0.00000
7.88816,0.00000
7.96222,0.00000
7.98823,0.00000
8.06214,0.00000
8.08800,0.00000
8.16209,0.00000
8.18840,0.00000
8.26217,0.00000
8.28865,0.00000
8.36235,0.00000
8.38834,0.00000
8.46218,0.00000
8.48824,0.00000
8.56243,0.00000
8.58840,0.00000
8.66228,0.00000
8.68833,0.00000
8.76231,0.00000
8.78885,0.00000
8.86229,0.00000
8.88839,0.00000
8.96225,0.00000
8.98892,0.00000
9.06224,0.00000
9.08824,0.00000
9.16226,0.00000
9.18828,0.00000
9.26222,0.00000
9.28835,0.00000
9.36243,0.00000
9.38849,0.00000
9.46261,0.00000
9.48853,0.00000
9.56209,0.00000
9.58849,0.00000
9.66228,0.00000
9.68845,0.00000
9.76228,0.00000
9.78848,0.00000
9.86227,0.00000
9.88831,0.00000
9.96241,0.00000
9.98858,0.00000
10.06226,0.00000
10.08870,0.00000
10.16212,0.00000
10.18836,0.00000
10.26214,0.00000
10.28852,0.00000
10.36236,0.00000
10.38840,0.00000
10.46242,0.00000
10.48847,0.00000
10.56249,0.00000
10.58833,0.00000
10.66218,0.00000
10.68827,0.00000
10.76225,0.00000
10.78853,0.00000
10.86220,0.00000
10.88841,0.00000
10.96232,0.00000
10.98843,0.00000
11.06237,0.00000
11.08863,0.00000
11.16256,0.00000
11.18840,0.00000
11.26220,0.00000
11.28871,0.00000
11.36230,0.00000
11.38854,0.00000
11.46220,0.00000
11.48820,0.00000
11.56221,0.00000
11.58842,0.00000
11.66223,0.00000
11.68844,0.00000
11.76226,0.00000
11.78841,0.00000
11.86217,0.00000
11.88830,0.00000
11.96205,0.00000
11.98837,0.00000
12.06231,0.00000
12.08855,0.00000
12.16224,0.00000
12.18853,0.00000
12.26230,0.00000
12.28865,0.00000
12.36226,0.00000
12.38835,0.00000
12.46217,0.00000
12.48859,0.00000
12.56222,0.00000
12.58843,0.00000
12.66241,0.00000
12.68872,0.00000
12.76234,0.00000
12.78858,0.00000
12.86260,0.00000
12.88869,0.00000
12.96254,0.00000
12.98855,0.00000
13.06219,0.00000
13.08834,0.00000
13.16225,0.00000
13.18857,0.00000
13.26214,0.00000
13.28830,0.00000
13.36213,0.00000
13.38839,0.00000
13.46229,0.00000
13.48829,0.00000
13.56222,0.00000
13.58861,0.00000
13.66260,0.00000
13.68880,0.00000
13.76232,0.00000
13.78841,0.00000
13.86235,0.00000
13.88825,0.00000
13.96235,0.00000
13.98831,0.00000
14.06236,0.00000
14.08847,0.00000
14.16255,0.00000
14.18860,0.00000
14.26225,0.00000
14.28856,0.00000
14.36227,0.00000
14.38832,0.00000
14.46230,0.00000
14.48834,0.00000
14.56229,0.00000
14.58875,0.00000
14.66272,0.00000
14.68854,0.00000
14.76257,0.00000
14.78883,0.00000
14.86232,0.00000
14.88865,0.00000
14.96234,0.00000
14.98833,0.00000
15.06211,0.00000
15.08857,0.00000
15.16254,0.00000
15.18833,0.00000
15.26225,0.00000
15.28912,0.00000
15.36260,0.00000
15.38834,0.00000
15.46269,0.00000
15.48831,0.00000
15.56227,0.00000
15.58850,0.00000
15.66236,0.00000
15.68822,0.00000
15.76234,0.00000
15.78827,0.00000
15.86228,0.00000
15.88859,0.00000
15.96225,0.00000
15.98867,0.00000
16.06214,0.00000
16.08854,0.00000
16.16218,0.00000
16.18843,0.00000
16.26267,0.00000
16.28846,0.00000
16.36268,0.00000
16.38922,0.00000
16.46228,0.00000
16.48862,0.00000
16.56239,0.00000
16.58826,0.00000
16.66226,0.00000
16.68815,0.00000
16.76240,0.00000
16.78899,0.00000
16.86220,0.00000
16.88881,0.00000
16.96231,0.00000
16.98841,0.00000
17.06233,0.00000
17.08814,0.00000
17.16266,0.00000
17.18853,0.00000
17.26248,0.00000
17.28825,0.00000
17.36239,0.00000
17.38836,0.00000
17.46226,0.00000
17.48846,0.00000
17.56251,0.00000
17.58914,0.00000
17.66267,0.00000
17.68834,0.00000
17.76235,0.00000
17.78847,0.00000
17.86225,0.00000
17.88835,0.00000
17.96271,0.00000
17.98856,0.00000
18.06247,0.00000
18.08839,0.00000
18.16225,0.00000
18.18830,0.00000
18.26248,0.00000
18.28826,0.00000
18.36220,0.00000
18.38813,0.00000
18.46202,0.00000
18.48882,0.00000
18.56213,0.00000
18.58831,0.00000
18.66209,0.00000
18.68882,0.00000
18.76200,0.00000
18.78848,0.00000
18.86208,0.00000
18.88849,0.00000
18.96239,0.00000
18.98835,0.00000
19.06235,0.00000
19.08919,0.00000
19.16238,0.00000
19.18856,0.00000
19.26233,0.00000
19.28862,0.00000
19.36235,0.00000
19.38825,0.00000
19.46226,0.00000
19.48825,0.00000
19.56237,0.00000
19.58910,0.00000
19.66220,0.00000
19.68840,0.00000
19.76248,0.00000
19.78831,0.00000
19.86242,0.00000
19.88823,0.00000
19.96263,0.00000
19.98848,0.00000
20.06241,0.00000
20.08865,0.00000
20.16232,0.00000
20.18840,0.00000
20.26235,0.00000
20.28821,0.00000
20.36249,0.00000
20.38865,0.00000
20.46256,0.00000
20.48841,0.00000
20.56238,0.00000
20.58827,0.00000
20.66240,0.00000
20.68868,0.00000
20.76236,0.00000
20.78829,0.00000
20.86240,0.00000
20.88833,0.00000
20.96230,0.00000
20.98808,0.00000
21.06222,0.00000
21.08814,0.00000
21.16227,0.00000
21.18888,0.00000
21.26222,0.00000
21.28831,0.00000
21.36227,0.00000
21.38820,0.00000
21.46240,0.00000
21.48819,0.00000
21.56225,0.00000
21.58809,0.00000
21.66252,0.00000
21.68876,0.00000
21.76223,0.00000
21.78832,0.00000
21.86223,0.00000
21.88859,0.00000
21.96225,0.00000
21.98822,0.00000
22.06216,0.00000
22.08823,0.00000
22.16235,0.00000
22.18827,0.00000
22.26260,0.00000
22.28871,0.00000
22.36236,0.00000
22.38836,0.00000
22.46233,0.00000
22.48823,0.00000
22.56222,0.00000
22.58820,0.00000
22.66215,0.00000
22.68836,0.00000
22.76252,0.00000
22.78889,0.00000
22.86242,0.00000
22.88853,0.00000
22.96254,0.00000
22.98859,0.00000
23.06235,0.00000
23.08855,0.00000
23.16247,0.00000
23.18848,0.00000
23.26263,0.00000
23.28832,0.00000
23.36255,0.00000
23.38850,0.00000
23.46261,0.00000
23.48850,0.00000
23.56278,0.00000
23.58860,0.00000
23.66230,0.00000
23.68855,0.00000
23.76257,0.00000
23.78831,0.00000
23.86229,0.00000
23.88874,0.00000
23.96229,0.00000
23.98858,0.00000
24.06236,0.00000
24.08842,0.00000
24.16281,0.00000
24.18834,0.00000
24.26239,0.00000
24.28858,0.00000
24.36249,0.00000
24.38856,0.00000
24.46231,0.00000
24.48837,0.00000
24.56255,0.00000
24.58895,0.00000
24.66222,0.00000
24.68876,0.00000
24.76234,0.00000
24.78873,0.00000
24.86267,0.00000
24.88850,0.00000
24.96236,0.00000
24.98935,0.00000
25.06234,0.00000
25.08858,0.00000
25.16243,0.00000
25.18890,0.00000
25.26251,0.00000
25.28864,0.00000
25.36227,0.00000
25.38851,0.00000
25.46240,0.00000
25.48921,0.00000
25.56242,0.00000
25.58862,0.00000
25.66250,0.00000
25.68875,0.00000
25.76251,0.00000
25.78850,0.00000
25.86228,0.00000
25.88876,0.00000
25.96231,0.00000
25.98885,0.00000
26.06238,0.00000
26.08879,0.00000
26.16248,0.00000
26.18857,0.00000
26.26248,0.00000
26.28874,0.00000
26.36237,0.00000
26.38853,0.00000
26.46264,0.00000
26.48861,0.00000
26.56231,0.00000
26.58876,0.00000
26.66251,0.00000
26.68870,0.00000
26.76237,0.00000
26.78885,0.00000
26.86234,0.00000
26.88852,0.00000
26.96232,0.00000
26.98845,0.00000
27.06230,0.00000
27.08857,0.00000
27.16250,0.00000
27.18877,0.00000
27.26271,0.00000
27.28860,0.00000
27.36257,0.00000
27.38864,0.00000
27.46242,0.00000
27.48859,0.00000
27.56230,0.00000
27.58872,0.00000
27.66253,0.00000
27.68902,0.00000
27.76255,0.00000
27.78867,0.00000
27.86254,0.00000
27.88861,0.00000
27.96263,0.00000
27.98884,0.00000
28.06235,0.00000
28.08853,0.00000
28.16239,0.00000
28.18861,0.00000
28.26256,0.00000
28.28853,0.00000
28.36256,0.00000
28.38853,0.00000
28.46258,0.00000
28.48843,0.00000
28.56251,0.00000
28.58836,0.00000
28.66243,0.00000
28.68854,0.00000
28.76241,0.00000
28.78854,0.00000
28.86236,0.00000
28.88880,0.00000
28.96235,0.00000
28.98877,0.00000
29.06230,0.00000
29.08840,0.00000
29.16240,0.00000
29.18854,0.00000
29.26227,0.00000
29.28854,0.00000
29.36253,0.00000
29.38854,0.00000
29.46257,0.00000
29.48877,0.00000
29.56251,0.00000
29.58852,0.00000
29.66249,0.00000
29.68846,0.00000
29.76238,0.00000
29.78847,0.00000
29.86241,0.00000
29.88858,0.00000
29.96260,0.00000
29.98853,0.00000
30.06299,0.00000
30.08848,0.00000
30.16230,0.00000
30.18835,0.00000
30.26239,0.00000
30.28840,0.00000
30.36238,0.00000
30.38873,0.00000
30.46241,0.00000
30.48831,0.00000
30.56251,0.00000
30.58862,0.00000
30.66244,0.00000
30.68832,0.00000
30.76228,0.00000
30.78828,0.00000
30.86256,0.00000
30.88819,0.00000
30.96230,0.00000
30.98835,0.00000
31.06228,0.00000
31.08827,0.00000
31.16235,0.00000
31.18868,0.00000
31.26219,0.00000
31.28832,0.00000
31.36225,0.00000
31.38858,0.00000
31.46230,0.00000
31.48861,0.00000
31.56236,0.00000
31.58868,0.00000
31.66233,0.00000
31.68884,0.00000
31.76235,0.00000
31.78864,0.00000
31.86268,0.00000
31.88863,0.00000
31.96207,0.00000
31.98878,0.00000
32.06258,0.00000
32.08862,0.00000
32.16251,0.00000
32.18856,0.00000
32.26241,0.00000
32.28849,0.00000
32.36264,0.00000
32.38833,0.00000
32.46233,0.00000
32.48838,0.00000
32.56221,0.00000
32.58882,0.00000
32.66253,0.00000
32.68855,0.00000
32.76244,0.00000
32.78831,0.00000
32.86261,0.00000
32.88833,0.00000
32.96239,0.00000
32.98844,0.00000
33.06229,0.00000
33.08874,0.00000
33.16234,0.00000
33.18861,0.00000
33.26264,0.00000
33.28879,0.00000
33.36251,0.00000
33.38831,0.00000
33.46232,0.00000
33.48843,0.00000
33.56241,0.00000
33.58859,0.00000
33.66241,0.00000
33.68855,0.00000
33.76261,0.00000
33.78869,0.00000
33.86248,0.00000
33.88862,0.00000
33.96212,0.00000
33.98877,0.00000
34.06237,0.00000
34.08876,0.00000
34.16266,0.00000
34.18903,0.00000
34.26250,0.00000
34.28871,0.00000
34.36242,0.00000
34.38855,0.00000
34.46246,0.00000
34.48862,0.00000
34.56259,0.00000
34.58829,0.00000
34.66242,0.00000
34.68871,0.00000
34.76256,0.00000
34.78883,0.00000
34.86248,0.00000
34.88875,0.00000
34.96256,0.00000
34.98878,0.00000
35.06250,0.00000
35.08838,0.00000
35.16250,0.00000
35.18869,0.00000
35.26239,0.00000
35.28882,0.00000
35.36242,0.00000
35.38861,0.00000
35.46248,0.00000
35.48856,0.00000
35.56237,0.00000
35.58833,0.00000
35.66229,0.00000
35.68852,0.00000
35.76229,0.00000
35.78858,0.00000
35.86250,0.00000
35.88864,0.00000
35.96259,0.00000
35.98863,0.00000
36.06228,0.00000
36.08841,0.00000
36.16227,0.00000
36.18837,0.00000
36.26209,0.00000
36.28834,0.00000
36.36236,0.00000
36.38860,0.00000
36.46262,0.00000
36.48854,0.00000
36.56251,0.00000
36.58830,0.00000
36.66199,0.00000
36.68831,0.00000
36.76226,0.00000
36.78860,0.00000
36.86253,0.00000
36.88857,0.00000
36.96240,0.00000
36.98864,0.00000
37.06229,0.00000
37.08878,0.00000
37.16231,0.00000
37.18871,0.00000
37.26244,0.00000
37.28857,0.00000
37.36230,0.00000
37.38878,0.00000
37.46255,0.00000
37.48856,0.00000
37.56269,0.00000
37.58858,0.00000
37.66266,0.00000
37.69054,0.00000
37.76247,0.00000
37.78822,0.00000
37.86229,0.00000
37.88836,0.00000
37.96231,0.00000
37.98868,0.00000
38.06258,0.00000
38.08895,0.00000
38.16251,0.00000
38.18873,0.00000
38.26279,0.00000
38.28862,0.00000
38.36238,0.00000
38.38831,0.00000
38.46236,0.00000
38.48868,0.00000
38.56238,0.00000
38.58865,0.00000
38.66247,0.00000
38.68867,0.00000
38.76265,0.00000
38.78826,0.00000
38.86222,0.00000
38.88832,0.00000
38.96247,0.00000
38.98864,0.00000
39.06234,0.00000
39.08862,0.00000
39.16254,0.00000
39.18848,0.00000
39.26240,0.00000
39.28827,0.00000
39.36228,0.00000
39.38812,0.00000
39.46219,0.00000
39.48843,0.00000
39.56235,0.00000
39.58864,0.00000
39.66218,0.00000
39.68865,0.00000
39.76255,0.00000
39.78883,0.00000
39.86237,0.00000
39.88855,0.00000
39.96224,0.00000
39.98842,0.00000
40.06225,0.00000
40.08864,0.00000
40.16249,0.00000
40.18869,0.00000
40.26238,0.00000
40.28850,0.00000
40.36257,0.00000
40.38847,0.00000
40.46268,0.00000
40.48875,0.00000
40.56241,0.00000
40.58855,0.00000
40.66249,0.00000
40.68867,0.00000
40.76251,0.00000
40.78864,0.00000
40.86241,0.00000
40.88879,0.00000
40.96225,0.00000
40.98862,0.00000
41.06238,0.00000
41.08860,0.00000
41.16229,0.00000
41.18869,0.00000
41.26257,0.00000
41.28877,0.00000
41.36249,0.00000
41.38866,0.00000
41.46257,0.00000
41.48866,0.00000
41.56242,0.00000
41.58856,0.00000
41.66232,0.00000
41.68857,0.00000
41.76242,0.00000
41.78871,0.00000
41.86240,0.00000
41.88856,0.00000
41.96251,0.00000
41.98866,0.00000
42.06257,0.00000
42.08856,0.00000
42.16217,0.00000
42.18828,0.00000
42.26234,0.00000
42.28900,0.00000
42.36257,0.00000
42.38858,0.00000
42.46254,0.00000
42.48878,0.00000
42.56274,0.00000
42.58854,0.00000
42.66238,0.00000
42.68849,0.00000
42.76231,0.00000
42.78852,0.00000
42.86249,0.00000
42.88875,0.00000
42.96236,0.00000
42.98864,0.00000
43.06257,0.00000
43.08860,0.00000
43.16235,0.00000
43.18839,0.00000
43.26227,0.00000
43.28858,0.00000
43.36264,0.00000
43.38857,0.00000
43.46253,0.00000
43.48848,0.00000
43.56235,0.00000
43.58858,0.00000
43.66226,0.00000
43.68859,0.00000
43.76270,0.00000
43.78866,0.00000
43.86236,0.00000
43.88874,0.00000
43.96252,0.00000
43.98859,0.00000
44.06244,0.00000
44.08868,0.00000
44.16264,0.00001
44.18885,0.00000
44.26249,0.00001
44.28832,0.00001
44.36238,0.00001
44.38835,0.00001
44.46265,0.00001
44.48883,0.00001
44.56258,0.00001
44.58856,0.00001
44.66250,0.00001
44.68866,0.00001
44.76251,0.00001
44.78849,0.00001
44.86233,0.00001
44.88831,0.00001
44.96248,0.00001
44.98882,0.00001
45.06226,0.00001
45.08857,0.00001
45.16258,0.00001
45.18847,0.00001
45.26249,0.00001
45.28872,0.00001
45.36220,0.00001
45.38833,0.00001
45.46240,0.00001
45.48864,0.00001
45.56250,0.00001
45.58867,0.00001
45.66265,0.00001
45.68860,0.00001
45.76241,0.00001
45.78838,0.00001
45.86224,0.00001
45.88831,0.00001
45.96230,0.00001
45.98848,0.00001
46.06222,0.00001
46.08842,0.00001
46.16255,0.00001
46.18843,0.00001
46.26246,0.00001
46.28865,0.00001
46.36231,0.00001
46.38853,0.00001
46.46265,0.00001
46.48854,0.00001
46.56245,0.00001
46.58864,0.00001
46.66265,0.00001
46.68857,0.00001
46.76257,0.00001
46.78854,0.00001
46.86231,0.00001
46.88834,0.00001
46.96238,0.00001
46.98847,0.00001
47.06213,0.00001
47.08856,0.00001
47.16237,0.00001
47.18829,0.00001
47.26244,0.00001
47.28855,0.00001
47.36242,0.00001
47.38840,0.00001
47.46263,0.00001
47.48835,0.00001
47.56250,0.00001
47.58835,0.00001
47.66227,0.00001
47.68850,0.00001
47.76241,0.00001
47.78870,0.00001
47.86248,0.00001
47.88860,0.00001
47.96256,0.00001
47.98837,0.00001
48.06233,0.00001
48.08834,0.00001
48.16237,0.00001
48.18862,0.00001
48.26235,0.00002
48.28851,0.00001
48.36238,0.00002
48.38863,0.00002
48.46258,0.00002
48.48841,0.00002
48.56238,0.00002
48.58832,0.00002
48.66234,0.00002
48.68829,0.00002
48.76234,0.00002
48.78867,0.00002
48.86245,0.00002
48.88865,0.00002
48.96243,0.00002
48.98860,0.00002
49.06283,0.00002
49.08847,0.00002
49.16250,0.00002
49.18844,0.00002
49.26217,0.00002
49.28861,0.00002
49.36248,0.00002
49.38862,0.00002
49.46258,0.00002
49.48861,0.00002
49.56253,0.00002
49.58864,0.00002
49.66241,0.00002
49.68849,0.00002
49.76238,0.00002
49.78843,0.00002
49.86237,0.00002
49.88856,0.00002
49.96253,0.00002
49.98858,0.00002
50.06247,0.00002
50.08830,0.00002
50.16207,0.00002
50.18808,0.00002
50.26218,0.00002
50.28830,0.00002
50.36238,0.00002
50.38854,0.00002
50.46241,0.00002
50.48871,0.00002
50.56261,0.00002
50.58852,0.00002
50.66260,0.00002
50.68844,0.00002
50.76242,0.00002
50.78849,0.00002
50.86221,0.00002
50.88839,0.00002
50.96223,0.00002
50.98841,0.00002
51.06234,0.00002
51.08848,0.00002
51.16263,0.00002
51.18826,0.00002
51.26233,0.00002
51.28857,0.00002
51.36221,0.00002
51.38860,0.00002
51.46233,0.00002
51.48844,0.00002
51.56233,0.00002
51.58848,0.00002
51.66241,0.00002
51.68880,0.00002
51.76240,0.00002
51.78838,0.00002
51.86223,0.00002
51.88859,0.00002
51.96756,0.00002
51.98863,0.00002
52.06255,0.00002
52.08873,0.00002
52.16243,0.00002
52.18873,0.00002
52.26221,0.00002
52.28835,0.00002
52.36255,0.00002
52.38841,0.00002
52.46233,0.00002
52.48836,0.00002
52.56228,0.00003
52.58851,0.00002
52.66239,0.00003
52.68855,0.00003
52.76237,0.00003
52.78839,0.00003
52.86260,0.00003
52.88856,0.00003
52.96228,0.00003
52.98828,0.00003
53.06237,0.00003
53.08857,0.00003
53.16245,0.00003
53.18844,0.00003
53.26226,0.00003
53.28855,0.00003
53.36255,0.00003
53.38831,0.00003
53.46241,0.00003
53.48821,0.00003
53.56226,0.00003
53.58828,0.00003
53.66233,0.00003
53.68874,0.00003
53.76236,0.00003
53.78850,0.00003
53.86254,0.00003
53.88833,0.00003
53.96223,0.00003
53.98848,0.00003
54.06230,0.00003
54.08829,0.00003
54.16240,0.00003
54.18863,0.00003
54.26251,0.00003
54.28860,0.00003
54.36263,0.00003
54.38859,0.00003
54.46237,0.00003
54.48821,0.00003
54.56260,0.00003
54.58848,0.00003
54.66221,0.00003
54.68879,0.00003
54.76257,0.00003
54.78864,0.00003
54.86253,0.00003
54.88851,0.00003
54.96273,0.00003
54.98852,0.00003
55.06256,0.00003
55.08852,0.00003
55.16238,0.00003
55.18841,0.00003
55.26254,0.00003
55.28836,0.00003
55.36236,0.00003
55.38853,0.00003
55.46255,0.00003
55.48851,0.00003
55.56268,0.00003
55.58854,0.00003
55.66253,0.00003
55.68833,0.00003
55.76259,0.00003
55.78856,0.00003
55.86260,0.00003
55.88865,0.00003
55.96218,0.00003
55.98851,0.00003
56.06228,0.00003
56.08854,0.00003
56.16259,0.00003
56.18840,0.00003
56.26248,0.00003
56.28854,0.00003
56.36258,0.00003
56.38845,0.00003
56.46256,0.00003
56.48858,0.00003
56.56253,0.00003
56.58841,0.00003
56.66249,0.00003
56.68848,0.00003
56.76236,0.00003
56.78847,0.00003
56.86274,0.00003
56.88874,0.00003
56.96256,0.00003
56.98869,0.00003
57.06263,0.00004
57.08862,0.00003
57.16257,0.00004
57.18851,0.00004
57.26247,0.00004
57.28836,0.00004
57.36243,0.00004
57.38867,0.00004
57.46234,0.00004
57.48854,0.00004
57.56244,0.00004
57.58858,0.00004
57.66246,0.00004
57.68847,0.00004
57.76263,0.00004
57.78844,0.00004
57.86252,0.00004
57.88837,0.00004
57.96241,0.00004
57.98859,0.00004
58.06267,0.00004
58.08856,0.00004
58.16266,0.00004
58.18865,0.00004
58.26239,0.00004
58.28853,0.00004
58.36247,0.00004
58.38856,0.00004
58.46243,0.00004
58.48862,0.00004
58.56252,0.00004
58.58859,0.00004
58.66242,0.00004
58.68856,0.00004
58.76263,0.00004
58.78836,0.00004
58.86259,0.00004
58.88849,0.00004
58.96237,0.00004
58.98840,0.00004
59.06239,0.00004
59.08860,0.00004
59.16243,0.00004
59.18862,0.00004
59.26250,0.00004
59.28830,0.00004
59.36224,0.00004
59.38832,0.00004
59.46231,0.00004
59.48854,0.00004
59.56234,0.00004
59.58844,0.00004
59.66256,0.00004
59.68840,0.00004
59.76249,0.00004
59.78877,0.00004
59.86252,0.00004
59.88852,0.00004
59.96224,0.00004
59.98825,0.00004
60.06228,0.00004
60.08855,0.00004
60.16253,0.00004
60.18858,0.00004
60.26253,0.00004
60.28862,0.00004
60.36251,0.00004
60.38847,0.00004
60.46240,0.00004
60.48832,0.00004
60.56253,0.00004
60.58837,0.00004
60.66254,0.00004
60.68859,0.00004
60.76265,0.00004
60.78849,0.00004
60.86263,0.00004
60.88864,0.00004
60.96233,0.00004
60.98829,0.00004
61.06239,0.00004
61.08832,0.00004
61.16267,0.00004
61.18865,0.00004
61.26264,0.00004
61.28863,0.00004
61.36280,0.00004
61.38844,0.00004
61.46259,0.00004
61.48861,0.00004
61.56257,0.00004
61.58836,0.00004
61.66242,0.00004
61.68838,0.00004
61.76239,0.00004
61.78864,0.00004
61.86282,0.00004
61.88849,0.00004
61.96267,0.00005
61.98839,0.00004
62.06252,0.00005
62.08841,0.00005
62.16256,0.00005
62.18836,0.00005
62.26238,0.00005
62.28853,0.00005
62.36279,0.00005
62.38867,0.00005
62.46267,0.00005
62.48850,0.00005
62.56255,0.00005
62.58852,0.00005
62.66263,0.00005
62.68847,0.00005
62.76234,0.00005
62.78836,0.00005
62.86254,0.00005
62.88857,0.00005
62.96240,0.00005
62.98852,0.00005
63.06279,0.00005
63.08835,0.00005
63.16276,0.00005
63.18837,0.00005
63.26255,0.00005
63.28831,0.00005
63.36259,0.00005
63.38867,0.00005
63.46231,0.00005
63.48842,0.00005
63.56260,0.00005
63.58864,0.00005
63.66267,0.00005
63.68850,0.00005
63.76272,0.00005
63.78849,0.00005
63.86265,0.00005
63.88835,0.00005
63.96247,0.00005
63.98840,0.00005
64.06272,0.00005
64.08849,0.00005
64.16263,0.00005
64.18856,0.00005
64.26256,0.00005
64.28839,0.00005
64.36267,0.00005
64.38833,0.00005
64.46252,0.00005
64.48846,0.00005
64.56262,0.00005
64.58848,0.00005
64.66280,0.00005
64.68856,0.00005
64.76272,0.00005
64.78837,0.00005
64.86268,0.00005
64.88841,0.00005
64.96263,0.00005
64.98849,0.00005
65.06263,0.00005
65.08864,0.00005
65.16265,0.00005
65.18866,0.00005
65.26246,0.00005
65.28864,0.00005
65.36256,0.00005
65.38834,0.00005
65.46256,0.00005
65.48824,0.00005
65.56249,0.00005
65.58829,0.00005
65.66264,0.00005
65.68862,0.00005
65.76263,0.00005
65.78854,0.00006
65.86262,0.00006
65.88855,0.00006
65.96230,0.00006
65.98823,0.00006
66.06238,0.00006
66.08859,0.00006
66.16250,0.00006
66.18825,0.00006
66.26279,0.00006
66.28863,0.00006
66.36265,0.00006
66.38852,0.00006
66.46242,0.00006
66.48835,0.00006
66.56258,0.00006
66.58831,0.00006
66.66250,0.00006
66.68833,0.00006
66.76262,0.00006
66.78853,0.00006
66.86258,0.00006
66.88840,0.00006
66.96281,0.00006
66.98841,0.00006
67.06215,0.00006
67.08818,0.00006
67.16228,0.00006
67.18870,0.00006
67.26238,0.00006
67.28867,0.00006
67.36233,0.00006
67.38860,0.00006
67.46237,0.00006
67.48840,0.00006
67.56249,0.00006
67.58844,0.00006
67.66239,0.00006
67.68862,0.00006
67.76249,0.00006
67.78834,0.00006
67.86250,0.00006
67.88849,0.00006
67.96259,0.00006
67.98827,0.00006
68.06229,0.00006
68.08826,0.00007
68.16232,0.00007
68.18840,0.00007
68.26274,0.00007
68.28861,0.00007
68.36251,0.00007
68.38851,0.00007
68.46285,0.00007
68.48853,0.00007
68.56272,0.00007
68.58844,0.00007
68.66246,0.00007
68.68835,0.00007
68.76249,0.00007
68.78844,0.00007
68.86261,0.00007
68.88858,0.00007
68.96257,0.00007
68.98842,0.00007
69.06247,0.00007
69.08827,0.00007
69.16223,0.00007
69.18814,0.00007
69.26239,0.00007
69.28821,0.00007
69.36234,0.00007
69.38856,0.00007
69.46227,0.00007
69.48853,0.00007
69.56260,0.00007
69.58860,0.00007
69.66229,0.00007
69.68860,0.00007
69.76250,0.00007
69.78853,0.00007
69.86247,0.00007
69.88866,0.00007
69.96264,0.00007
69.98857,0.00007
70.06246,0.00007
70.08866,0.00007
70.16257,0.00007
70.18854,0.00007
70.26263,0.00007
70.28835,0.00007
70.36260,0.00007
70.38836,0.00007
70.46277,0.00007
70.48853,0.00008
70.56284,0.00008
70.58856,0.00008
70.66267,0.00008
70.68855,0.00008
70.76258,0.00008
70.78837,0.00008
70.86261,0.00008
70.88824,0.00008
70.96252,0.00008
70.98848,0.00008
71.06254,0.00008
71.08856,0.00008
71.16262,0.00008
71.18859,0.00008
71.26248,0.00008
71.28858,0.00008
71.36266,0.00008
71.38851,0.00008
71.46252,0.00008
71.48862,0.00008
71.56243,0.00008
71.58836,0.00008
71.66244,0.00008
71.68863,0.00008
71.76262,0.00008
71.78853,0.00008
71.86266,0.00008
71.88840,0.00008
71.96267,0.00008
71.98847,0.00008
72.06242,0.00008
72.08840,0.00008
72.16263,0.00008
72.18841,0.00008
72.26260,0.00008
72.28869,0.00008
72.36280,0.00008
72.38858,0.00008
72.46233,0.00008
72.48849,0.00008
72.56252,0.00008
72.58868,0.00008
72.66261,0.00008
72.68864,0.00008
72.76250,0.00008
72.78874,0.00008
72.86273,0.00008
72.88841,0.00009
72.96244,0.00009
72.98834,0.00009
73.06288,0.00009
73.08839,0.00009
73.16270,0.00009
73.18862,0.00009
73.26272,0.00009
73.28861,0.00009
73.36275,0.00009
73.38859,0.00009
73.46266,0.00009
73.48856,0.00009
73.56267,0.00009
73.58854,0.00009
73.66256,0.00009
73.68861,0.00009
73.76266,0.00009
73.78868,0.00009
73.86266,0.00009
73.88857,0.00009
73.96261,0.00009
73.98849,0.00009
74.06256,0.00009
74.08853,0.00009
74.16250,0.00009
74.18856,0.00009
74.26260,0.00009
74.28856,0.00009
74.36267,0.00009
74.38858,0.00009
74.46267,0.00009
74.48854,0.00009
74.56246,0.00009
74.58837,0.00009
74.66242,0.00009
74.68841,0.00009
74.76253,0.00009
74.78837,0.00009
74.86261,0.00009
74.88835,0.00009
74.96260,0.00009
74.98879,0.00009
75.06257,0.00009
75.08840,0.00009
75.16247,0.00009
75.18836,0.00009
75.26255,0.00009
75.28840,0.00009
75.36267,0.00009
75.38849,0.00009
75.46267,0.00010
75.48869,0.00010
75.56269,0.00010
75.58860,0.00010
75.66263,0.00010
75.68855,0.00010
75.76257,0.00010
75.78856,0.00010
75.86253,0.00010
75.88848,0.00010
75.96241,0.00010
75.98856,0.00010
76.06241,0.00010
76.08858,0.00010
76.16286,0.00010
76.18849,0.00010
76.26261,0.00010
76.28836,0.00010
76.36257,0.00010
76.38891,0.00010
76.46262,0.00010
76.48853,0.00010
76.56278,0.00010
76.58853,0.00010
76.66268,0.00010
76.68835,0.00010
76.76280,0.00010
76.78836,0.00010
76.86264,0.00010
76.88832,0.00010
76.96252,0.00010
76.98857,0.00010
77.06273,0.00010
77.08862,0.00010
77.16254,0.00010
77.18847,0.00010
77.26245,0.00010
77.28817,0.00010
77.36255,0.00010
77.38863,0.00010
77.46246,0.00010
77.48860,0.00010
77.56257,0.00010
77.58846,0.00010
77.66274,0.00010
77.68860,0.00010
77.76263,0.00010
77.78859,0.00010
77.86270,0.00010
77.88829,0.00010
77.96259,0.00010
77.98841,0.00010
78.06249,0.00010
78.08869,0.00011
78.16284,0.00011
78.18865,0.00011
78.26251,0.00011
78.28838,0.00011
78.36243,0.00011
78.38855,0.00011
78.46255,0.00011
78.48884,0.00011
78.56275,0.00011
78.58874,0.00011
78.66277,0.00011
78.68898,0.00011
78.76271,0.00011
78.78861,0.00011
78.86263,0.00011
78.88837,0.00011
78.96270,0.00011
78.98831,0.00011
79.06277,0.00011
79.08834,0.00011
79.16269,0.00011
79.18857,0.00011
79.26264,0.00011
79.28897,0.00011
79.36252,0.00011
79.38862,0.00011
79.46249,0.00011
79.48843,0.00011
79.56253,0.00011
79.58841,0.00011
79.66247,0.00011
79.68852,0.00011
79.76239,0.00011
79.78875,0.00011
79.86250,0.00011
79.88855,0.00011
79.96259,0.00011
79.98836,0.00011
80.06228,0.00011
80.08837,0.00011
80.16247,0.00011
80.18857,0.00011
80.26270,0.00011
80.28864,0.00011
80.36273,0.00011
80.38854,0.00011
80.46270,0.00011
80.48885,0.00011
80.56214,0.00011
80.58870,0.00011
80.66237,0.00011
80.68868,0.00011
80.76261,0.00011
80.78862,0.00011
80.86270,0.00012
80.88871,0.00012
80.96261,0.00012
80.98874,0.00012
81.06250,0.00012
81.08850,0.00012
81.16256,0.00012
81.18881,0.00012
81.26257,0.00012
81.28856,0.00012
81.36259,0.00012
81.38855,0.00012
81.46284,0.00012
81.48875,0.00012
81.56263,0.00012
81.58854,0.00012
81.66235,0.00012
81.68854,0.00012
81.76240,0.00012
81.78854,0.00012
81.86255,0.00012
81.88862,0.00012
81.96273,0.00012
81.98863,0.00012
82.06258,0.00012
82.08857,0.00012
82.16272,0.00012
82.18865,0.00012
82.26221,0.00012
82.28836,0.00012
82.36237,0.00012
82.38870,0.00012
82.46254,0.00012
82.48858,0.00012
82.56270,0.00012
82.58851,0.00012
82.66241,0.00012
82.68831,0.00012
82.76233,0.00012
82.78833,0.00012
82.86242,0.00012
82.88861,0.00012
82.96248,0.00012
82.98870,0.00012
83.06245,0.00012
83.08891,0.00012
83.16234,0.00012
83.18854,0.00012
83.26236,0.00012
83.28818,0.00012
83.36225,0.00012
83.38825,0.00012
83.46263,0.00012
83.48857,0.00012
83.56260,0.00012
83.58870,0.00012
83.66265,0.00012
83.68864,0.00012
83.76257,0.00013
83.78831,0.00013
83.86251,0.00013
83.88847,0.00013
83.96261,0.00013
83.98864,0.00013
84.06263,0.00013
84.08865,0.00013
84.16261,0.00013
84.18877,0.00013
84.26273,0.00013
84.28868,0.00013
84.36254,0.00013
84.38848,0.00013
84.46263,0.00013
84.48860,0.00013
84.56261,0.00013
84.58864,0.00013
84.66241,0.00013
84.68844,0.00013
84.76273,0.00013
84.78843,0.00013
84.86219,0.00013
84.88831,0.00013
84.96264,0.00013
84.98830,0.00013
85.06285,0.00013
85.08862,0.00013
85.16277,0.00013
85.18841,0.00013
85.26287,0.00013
85.28840,0.00013
85.36267,0.00013
85.38849,0.00013
85.46235,0.00013
85.48834,0.00013
85.56257,0.00013
85.58838,0.00013
85.66290,0.00013
85.68846,0.00013
85.76266,0.00013
85.78859,0.00013
85.86262,0.00013
85.88842,0.00013
85.96216,0.00013
85.98862,0.00013
86.06216,0.00013
86.08872,0.00013
86.16231,0.00013
86.18857,0.00013
86.26276,0.00013
86.28866,0.00013
86.36285,0.00013
86.38889,0.00013
86.46241,0.00013
86.48860,0.00013
86.56277,0.00013
86.58861,0.00013
86.66266,0.00013
86.68866,0.00013
86.76267,0.00013
86.78863,0.00014
86.86267,0.00014
86.88855,0.00014
86.96282,0.00014
86.98868,0.00014
87.06285,0.00014
87.08853,0.00014
87.16262,0.00014
87.18868,0.00014
87.26267,0.00014
87.28867,0.00014
87.36247,0.00014
87.38865,0.00014
87.46293,0.00014
87.48869,0.00014
87.56249,0.00014
87.58864,0.00014
87.66273,0.00014
87.68857,0.00014
87.76259,0.00014
87.78877,0.00014
87.86264,0.00014
87.88863,0.00014
87.96273,0.00014
87.98871,0.00014
88.06271,0.00014
88.08874,0.00014
88.16246,0.00014
88.18841,0.00014
88.26265,0.00014
88.28865,0.00014
88.36269,0.00014
88.38867,0.00014
88.46270,0.00014
88.48849,0.00014
88.56299,0.00014
88.58858,0.00014
88.66276,0.00014
88.68856,0.00014
88.76245,0.00014
88.78850,0.00014
88.86263,0.00014
88.88890,0.00014
88.96269,0.00014
88.98882,0.00014
89.06264,0.00014
89.08863,0.00014
89.16278,0.00014
89.18876,0.00014
89.26253,0.00014
89.28867,0.00014
89.36268,0.00014
89.38859,0.00014
89.46244,0.00014
89.48857,0.00014
89.56276,0.00014
89.58880,0.00014
89.66265,0.00014
89.68891,0.00014
89.76257,0.00014
89.78837,0.00014
89.86260,0.00014
89.88873,0.00014
89.96318,0.00015
89.98947,0.00015
90.06257,0.00015
90.08861,0.00015
90.16286,0.00015
90.18886,0.00015
90.26256,0.00015
90.28854,0.00015
90.36267,0.00015
90.38846,0.00015
90.46268,0.00015
90.48860,0.00015
90.56309,0.00015
90.58867,0.00015
90.66272,0.00015
90.68903,0.00015
90.76265,0.00015
90.78864,0.00015
90.86258,0.00015
90.88854,0.00015
90.96257,0.00015
90.98837,0.00015
91.06307,0.00015
91.08855,0.00015
91.16267,0.00015
91.18870,0.00015
91.26271,0.00015
91.28853,0.00015
91.36258,0.00015
91.38848,0.00015
91.46237,0.00015
91.48882,0.00015
91.56256,0.00015
91.58853,0.00015
91.66305,0.00015
91.68861,0.00015
91.76237,0.00015
91.78884,0.00015
91.86272,0.00015
91.88860,0.00015
91.96280,0.00015
91.98843,0.00015
92.06272,0.00015
92.08840,0.00015
92.16275,0.00015
92.18857,0.00015
92.26268,0.00015
92.28864,0.00015
92.36277,0.00015
92.38900,0.00015
92.46258,0.00015
92.48840,0.00015
92.56266,0.00015
92.58877,0.00015
92.66252,0.00015
92.68856,0.00015
92.76261,0.00015
92.78906,0.00015
92.86265,0.00015
92.88839,0.00015
92.96268,0.00015
92.98864,0.00015
93.06235,0.00015
93.08865,0.00015
93.16255,0.00015
93.18855,0.00015
93.26303,0.00015
93.28870,0.00015
93.36284,0.00015
93.38883,0.00015
93.46271,0.00015
93.48854,0.00015
93.56257,0.00015
93.58875,0.00015
93.66250,0.00015
93.68843,0.00015
93.76293,0.00015
93.78872,0.00015
93.86269,0.00015
93.88887,0.00015
93.96287,0.00015
93.98872,0.00015
94.06233,0.00015
94.08865,0.00015
94.16261,0.00015
94.18850,0.00015
94.26298,0.00015
94.28855,0.00015
94.36220,0.00015
94.38886,0.00015
94.46255,0.00015
94.48872,0.00015
94.56232,0.00015
94.58865,0.00015
94.66242,0.00015
94.68836,0.00015
94.76250,0.00015
94.78834,0.00015
94.86330,0.00015
94.88864,0.00015
94.96269,0.00015
94.98870,0.00015
95.06276,0.00015
95.08874,0.00015
95.16244,0.00015
95.18865,0.00015
95.26236,0.00015
95.28860,0.00015
95.36316,0.00015
95.38858,0.00015
95.46273,0.00015
95.48882,0.00015
95.56249,0.00015
95.58880,0.00015
95.66249,0.00015
95.68828,0.00015
95.76228,0.00015
95.78831,0.00015
95.86234,0.00015
95.88856,0.00015
95.96317,0.00015
95.98859,0.00015
96.06255,0.00015
96.08877,0.00015
96.16266,0.00015
96.18868,0.00015
96.26253,0.00015
96.28879,0.00015
96.36250,0.00015
96.38853,0.00015
96.46244,0.00015
96.48868,0.00015
96.56309,0.00015
96.58837,0.00015
96.66232,0.00015
96.68837,0.00015
96.76277,0.00015
96.78833,0.00015
96.86245,0.00015
96.88824,0.00015
96.96248,0.00015
96.98827,0.00015
97.06320,0.00015
97.08847,0.00015
97.16249,0.00015
97.18854,0.00015
97.26244,0.00015
97.28872,0.00015
97.36244,0.00015
97.38848,0.00015
97.46234,0.00015
97.48845,0.00015
97.56302,0.00015
97.58849,0.00015
97.66264,0.00015
97.68827,0.00015
97.76282,0.00015
97.78837,0.00015
97.86259,0.00015
97.88841,0.00015
97.96236,0.00016
97.98827,0.00015
98.06263,0.00016
98.08858,0.00016
98.16266,0.00016
98.18851,0.00016
98.26246,0.00016
98.28889,0.00016
98.36255,0.00016
98.38861,0.00016
98.46252,0.00016
98.48883,0.00016
98.56247,0.00016
98.58857,0.00016
98.66260,0.00016
98.68849,0.00016
98.76276,0.00016
98.78875,0.00016
98.86278,0.00016
98.88864,0.00016
98.96230,0.00016
98.98842,0.00016
99.06240,0.00016
99.08856,0.00016
99.16239,0.00016
99.18871,0.00016
99.26276,0.00016
99.28869,0.00016
99.36275,0.00016
99.38862,0.00016
99.46248,0.00016
99.48848,0.00016
99.56249,0.00016
99.58849,0.00016
99.66289,0.00016
99.68861,0.00016
99.76356,0.00016
99.78860,0.00016
99.86266,0.00016
99.88874,0.00016
99.96284,0.00016
99.98855,0.00016
100.06244,0.00016
100.08859,0.00016
100.16266,0.00016
100.18876,0.00016
100.26270,0.00016
100.28883,0.00016
100.36274,0.00016
100.38888,0.00016
100.46267,0.00016
100.48864,0.00016
100.56273,0.00016
100.58868,0.00016
100.66255,0.00016
100.68868,0.00016
100.76283,0.00016
100.78880,0.00016
100.86273,0.00016
100.88870,0.00016
100.96275,0.00016
100.98854,0.00016
101.06297,0.00016
101.08875,0.00016
101.16254,0.00016
101.18862,0.00016
101.26265,0.00016
101.28865,0.00016
101.36293,0.00016
101.38867,0.00016
101.46292,0.00016
101.48873,0.00016
101.56257,0.00016
101.58866,0.00016
101.66269,0.00016
101.68875,0.00016
101.76265,0.00016
101.78874,0.00016
101.86265,0.00016
101.88878,0.00016
101.96296,0.00016
101.98872,0.00016
102.06279,0.00016
102.08861,0.00016
102.16284,0.00016
102.18867,0.00016
102.26293,0.00016
102.28857,0.00016
102.36269,0.00016
102.38848,0.00016
102.46275,0.00016
102.48849,0.00016
102.56268,0.00016
102.58881,0.00016
102.66265,0.00016
102.68865,0.00016
102.76275,0.00016
102.78875,0.00016
102.86298,0.00016
102.88868,0.00016
102.96257,0.00016
102.98850,0.00016
103.06306,0.00016
103.08875,0.00016
103.16318,0.00016
103.18873,0.00016
103.26316,0.00016
103.28878,0.00016
103.36290,0.00016
103.38883,0.00016
103.46293,0.00016
103.48844,0.00016
103.56288,0.00016
103.58896,0.00016
103.66331,0.00016
103.68890,0.00016
103.76278,0.00016
103.78896,0.00016
103.86277,0.00016
103.88886,0.00016
103.96289,0.00016
103.98871,0.00016
104.06277,0.00016
104.08891,0.00016
104.16329,0.00016
104.18872,0.00016
104.26260,0.00016
104.28889,0.00016
104.36280,0.00016
104.38888,0.00016
104.46249,0.00016
104.48876,0.00016
104.56242,0.00016
104.58868,0.00016
104.66262,0.00016
104.68866,0.00016
104.76274,0.00016
104.78890,0.00016
104.86266,0.00016
104.88883,0.00016
104.96278,0.00016
104.98872,0.00016
105.06243,0.00016
105.08867,0.00016
105.16261,0.00016
105.18868,0.00016
105.26269,0.00016
105.28882,0.00016
105.36273,0.00016
105.38877,0.00016
105.46269,0.00016
105.48880,0.00016
105.56265,0.00016
105.58875,0.00016
105.66269,0.00016
105.68851,0.00016
105.76253,0.00016
105.78875,0.00016
105.86256,0.00016
105.88910,0.00016
105.96284,0.00016
105.98866,0.00016
106.06247,0.00016
106.08881,0.00016
106.16265,0.00016
106.18857,0.00016
106.26254,0.00016
106.28878,0.00016
106.36257,0.00016
106.38882,0.00016
106.46271,0.00016
106.48888,0.00016
106.56245,0.00016
106.58865,0.00016
106.66279,0.00016
106.68899,0.00016
106.76277,0.00016
106.78853,0.00016
106.86241,0.00016
106.88858,0.00016
106.96269,0.00016
106.98883,0.00016
107.06285,0.00016
107.08875,0.00016
107.16238,0.00016
107.18882,0.00016
107.26243,0.00016
107.28861,0.00016
107.36254,0.00017
107.38875,0.00016
107.46287,0.00017
107.48858,0.00017
107.56290,0.00017
107.58858,0.00017
107.66267,0.00017
107.68868,0.00017
107.76284,0.00017
107.78844,0.00017
107.86273,0.00017
107.88871,0.00017
107.96267,0.00017
107.98895,0.00017
108.06279,0.00017
108.08931,0.00017
108.16260,0.00017
108.18905,0.00017
108.26262,0.00017
108.28914,0.00017
108.36265,0.00017
108.38876,0.00017
108.46290,0.00017
108.48855,0.00017
108.56265,0.00017
108.58871,0.00017
108.66234,0.00017
108.68923,0.00017
108.76259,0.00017
108.78892,0.00017
108.86286,0.00017
108.88868,0.00017
108.96273,0.00017
108.98848,0.00017
109.06330,0.00017
109.08868,0.00017
109.16285,0.00017
109.18901,0.00017
109.26263,0.00017
109.28878,0.00017
109.36268,0.00017
109.38882,0.00017
109.46263,0.00017
109.48905,0.00017
109.56277,0.00017
109.58822,0.00017
109.66280,0.00017
109.68866,0.00017
109.76265,0.00017
109.78909,0.00017
109.86289,0.00017
109.88871,0.00017
109.96268,0.00017
109.98883,0.00017
110.06266,0.00017
110.08870,0.00017
110.16267,0.00017
110.18874,0.00017
110.26265,0.00017
110.28894,0.00017
110.36290,0.00017
110.38883,0.00017
110.46266,0.00017
110.48877,0.00017
110.56298,0.00017
110.58871,0.00017
110.66272,0.00017
110.68882,0.00017
110.76266,0.00017
110.78885,0.00017
110.86251,0.00017
110.88894,0.00017
110.96266,0.00017
110.98881,0.00017
111.06254,0.00017
111.08886,0.00017
111.16284,0.00017
111.18904,0.00017
111.26269,0.00017
111.28872,0.00017
111.36260,0.00017
111.38891,0.00017
111.46267,0.00017
111.48881,0.00017
111.56286,0.00017
111.58891,0.00017
111.66253,0.00017
111.68870,0.00017
111.76276,0.00017
111.78881,0.00017
111.86250,0.00017
111.88891,0.00017
111.96274,0.00017
111.98872,0.00017
112.06266,0.00017
112.08869,0.00017
112.16264,0.00017
112.18843,0.00017
112.26228,0.00017
112.28818,0.00017
112.36293,0.00017
112.38880,0.00017
112.46281,0.00017
112.48910,0.00017
112.56254,0.00017
112.58907,0.00017
112.66266,0.00017
112.68885,0.00017
112.76265,0.00017
112.78886,0.00017
112.86257,0.00017
112.88868,0.00017
112.96262,0.00017
112.98887,0.00017
113.06279,0.00017
113.08885,0.00017
113.16277,0.00017
113.18886,0.00017
113.26276,0.00017
113.28846,0.00017
113.36283,0.00017
113.38865,0.00017
113.46277,0.00017
113.48880,0.00017
113.56238,0.00017
113.58888,0.00017
113.66237,0.00017
113.68931,0.00017
113.76247,0.00017
113.78868,0.00017
113.86234,0.00017
113.88855,0.00017
113.96575,0.00017
113.98854,0.00017
114.06261,0.00017
114.08878,0.00017
114.16285,0.00017
114.18885,0.00017
114.26251,0.00017
114.28887,0.00017
114.36281,0.00017
114.38873,0.00017
114.46264,0.00017
114.48871,0.00017
114.56271,0.00017
114.58874,0.00017
114.66278,0.00017
114.68855,0.00017
114.76244,0.00017
114.78876,0.00017
114.86252,0.00017
114.89071,0.00017
114.96259,0.00017
114.98890,0.00017
115.06270,0.00017
115.08873,0.00017
115.16232,0.00017
115.18871,0.00017
115.26280,0.00017
115.28868,0.00017
115.36288,0.00017
115.38852,0.00017
115.46289,0.00017
115.48858,0.00017
115.56264,0.00017
115.58887,0.00017
115.66270,0.00017
115.68863,0.00017
115.76281,0.00017
115.78862,0.00017
115.86263,0.00017
115.88877,0.00017
115.96271,0.00017
115.98911,0.00017
116.06258,0.00017
116.08861,0.00017
116.16279,0.00017
116.18869,0.00017
116.26259,0.00017
116.28875,0.00017
116.36263,0.00017
116.38872,0.00017
116.46288,0.00017
116.48883,0.00017
116.56257,0.00017
116.58857,0.00017
116.66241,0.00017
116.68851,0.00017
116.76266,0.00017
116.78884,0.00017
116.86241,0.00017
116.88879,0.00017
116.96263,0.00017
116.98865,0.00017
117.06274,0.00017
117.08868,0.00017
117.16272,0.00017
117.18854,0.00017
117.26256,0.00017
117.28879,0.00017
117.36270,0.00017
117.38900,0.00017
117.46271,0.00017
117.48876,0.00017
117.56271,0.00017
117.58881,0.00017
117.66251,0.00017
117.68851,0.00017
117.76276,0.00017
117.78877,0.00017
117.86268,0.00017
117.88867,0.00017
117.96253,0.00017
117.98854,0.00017
118.06263,0.00018
118.08857,0.00017
118.16246,0.00018
118.18855,0.00018
118.26257,0.00018
118.28861,0.00018
118.36246,0.00018
118.38868,0.00018
118.46273,0.00018
118.48871,0.00018
118.56259,0.00018
118.58856,0.00018
118.66258,0.00018
118.68856,0.00018
118.76254,0.00018
118.78833,0.00018
118.86266,0.00018
118.88906,0.00018
118.96286,0.00018
118.98876,0.00018
119.06275,0.00018
119.08884,0.00018
119.16277,0.00018
119.18867,0.00018
119.26278,0.00018
119.28877,0.00018
119.36263,0.00018
119.38834,0.00018
119.46270,0.00018
119.48879,0.00018
119.56266,0.00018
119.58862,0.00018
119.66273,0.00018
119.68875,0.00018
119.76252,0.00018
119.78853,0.00018
119.86255,0.00018
119.88863,0.00018
119.96262,0.00018
119.98849,0.00018
120.06268,0.00018
120.08877,0.00018
120.16253,0.00018
120.18871,0.00018
120.26256,0.00018
120.28883,0.00018
120.36252,0.00018
120.38872,0.00018
120.46257,0.00018
120.48835,0.00018
120.56267,0.00018
120.58851,0.00018
120.66265,0.00018
120.68882,0.00018
120.76265,0.00018
120.78860,0.00018
120.86256,0.00018
120.88844,0.00018
120.96253,0.00018
120.98856,0.00018
121.06226,0.00018
121.08848,0.00018
121.16284,0.00018
121.18856,0.00018
121.26264,0.00018
121.28870,0.00018
121.36291,0.00018
121.38877,0.00018
121.46254,0.00018
121.48856,0.00018
121.56267,0.00018
121.58839,0.00018
121.66262,0.00018
121.68873,0.00018
121.76271,0.00018
121.78872,0.00018
121.86286,0.00018
121.88878,0.00018
121.96245,0.00018
121.98855,0.00018
122.06254,0.00018
122.08865,0.00018
122.16216,0.00018
122.18883,0.00018
122.26278,0.00018
122.28867,0.00018
122.36259,0.00018
122.38844,0.00018
122.46269,0.00018
122.48875,0.00018
122.56254,0.00018
122.58858,0.00018
122.66244,0.00018
122.68865,0.00018
122.76284,0.00018
122.78856,0.00018
122.86257,0.00018
122.88862,0.00018
122.96275,0.00018
122.98866,0.00018
123.06277,0.00018
123.08848,0.00018
123.16266,0.00018
123.18854,0.00018
123.26244,0.00018
123.28864,0.00018
123.36254,0.00018
123.38865,0.00018
123.46252,0.00018
123.48871,0.00018
123.56255,0.00018
123.58854,0.00018
123.66236,0.00018
123.68861,0.00018
123.76242,0.00018
123.78854,0.00018
123.86267,0.00018
123.88855,0.00018
123.96249,0.00018
123.98870,0.00018
124.06259,0.00018
124.08893,0.00018
124.16255,0.00018
124.18838,0.00018
124.26261,0.00018
124.28854,0.00018
124.36237,0.00018
124.38865,0.00018
124.46258,0.00018
124.48876,0.00018
124.56260,0.00018
124.58867,0.00018
124.66260,0.00018
124.68847,0.00018
124.76265,0.00018
124.78853,0.00018
124.86270,0.00018
124.88849,0.00018
124.96260,0.00018
124.98848,0.00018
125.06256,0.00018
125.08894,0.00018
125.16287,0.00018
125.18876,0.00018
125.26266,0.00018
125.28854,0.00018
125.36260,0.00018
125.38850,0.00018
125.46254,0.00018
125.48869,0.00018
125.56271,0.00018
125.58881,0.00018
125.66268,0.00018
125.68849,0.00018
125.76268,0.00018
125.78834,0.00018
125.86285,0.00018
125.88859,0.00018
125.96280,0.00018
125.98851,0.00018
126.06264,0.00018
126.08892,0.00018
126.16262,0.00018
126.18868,0.00018
126.26248,0.00018
126.28889,0.00018
126.36265,0.00018
126.38854,0.00018
126.46274,0.00018
126.48849,0.00018
126.56256,0.00018
126.58856,0.00018
126.66263,0.00018
126.68858,0.00018
126.76238,0.00018
126.78877,0.00018
126.86229,0.00018
126.88844,0.00018
126.96256,0.00018
126.98841,0.00018
127.06270,0.00018
127.08833,0.00018
127.16241,0.00018
127.18863,0.00018
127.26254,0.00018
127.28869,0.00018
127.36277,0.00018
127.38864,0.00018
127.46277,0.00018
127.48863,0.00018
127.56255,0.00018
127.58858,0.00018
127.66273,0.00018
127.68875,0.00018
127.76258,0.00018
127.78858,0.00018
127.86268,0.00018
127.88863,0.00018
127.96269,0.00018
127.98858,0.00018
128.06234,0.00018
128.08856,0.00018
128.16254,0.00018
128.18867,0.00018
128.26257,0.00018
128.28859,0.00018
128.36268,0.00018
128.38871,0.00018
128.46239,0.00018
128.48847,0.00018
128.56268,0.00018
128.58859,0.00018
128.66244,0.00018
128.68857,0.00018
128.76264,0.00018
128.78873,0.00018
128.86285,0.00018
128.88878,0.00018
128.96261,0.00018
128.98880,0.00018
129.06281,0.00018
129.08849,0.00018
129.16255,0.00018
129.18855,0.00018
129.26263,0.00018
129.28898,0.00018
129.36243,0.00018
129.38853,0.00018
129.46272,0.00018
129.48864,0.00018
129.56270,0.00018
129.58843,0.00018
129.66254,0.00018
129.68875,0.00018
129.76238,0.00018
129.78864,0.00018
129.86258,0.00018
129.88875,0.00018
129.96265,0.00018
129.98879,0.00018
130.06270,0.00018
130.08878,0.00018
130.16273,0.00018
130.18878,0.00018
130.26261,0.00018
130.28872,0.00018
130.36250,0.00018
130.38872,0.00018
130.46273,0.00018
130.48870,0.00018
130.56264,0.00018
130.58863,0.00018
130.66265,0.00018
130.68867,0.00018
130.76258,0.00018
130.78882,0.00018
130.86237,0.00019
130.88870,0.00018
130.96283,0.00019
130.98875,0.00019
131.06256,0.00019
131.08909,0.00019
131.16281,0.00019
131.18889,0.00019
131.26285,0.00019
131.28878,0.00019
131.36261,0.00019
131.38883,0.00019
131.46271,0.00019
131.48890,0.00019
131.56277,0.00019
131.58897,0.00019
131.66256,0.00019
131.68871,0.00019
131.76277,0.00019
131.78883,0.00019
131.86244,0.00019
131.88883,0.00019
131.96258,0.00019
131.98905,0.00019
132.06246,0.00019
132.08844,0.00019
132.16240,0.00019
132.18874,0.00019
132.26245,0.00019
132.28876,0.00019
132.36268,0.00019
132.38912,0.00019
132.46231,0.00019
132.48875,0.00019
132.56227,0.00019
132.58844,0.00019
132.66233,0.00019
132.68860,0.00019
132.76255,0.00019
132.78894,0.00019
132.86284,0.00019
132.88884,0.00019
132.96254,0.00019
132.98872,0.00019
133.06255,0.00019
133.08868,0.00019
133.16266,0.00019
133.18879,0.00019
133.26260,0.00019
133.28881,0.00019
133.36275,0.00019
133.38894,0.00019
133.46282,0.00019
133.48901,0.00019
133.56261,0.00019
133.58877,0.00019
133.66262,0.00019
133.68839,0.00019
133.76259,0.00019
133.78860,0.00019
133.86260,0.00019
133.88887,0.00019
133.96274,0.00019
133.98864,0.00019
134.06262,0.00019
134.08884,0.00019
134.16252,0.00019
134.18866,0.00019
134.26281,0.00019
134.28853,0.00019
134.36262,0.00019
134.38854,0.00019
134.46258,0.00019
134.48873,0.00019
134.56236,0.00019
134.58862,0.00019
134.66271,0.00019
134.68828,0.00019
134.76260,0.00019
134.78891,0.00019
134.86250,0.00019
134.88874,0.00019
134.96228,0.00019
134.98867,0.00019
135.06230,0.00019
135.08863,0.00019
135.16254,0.00019
135.18845,0.00019
135.26270,0.00019
135.28877,0.00019
135.36274,0.00019
135.38877,0.00019
135.46269,0.00019
135.48881,0.00019
135.56252,0.00019
135.58869,0.00019
135.66274,0.00019
135.68852,0.00019
135.76253,0.00019
135.78864,0.00019
135.86238,0.00019
135.88932,0.00019
135.96273,0.00019
135.98882,0.00019
136.06261,0.00019
136.08863,0.00019
136.16265,0.00019
136.18865,0.00019
136.26262,0.00019
136.28855,0.00019
136.36260,0.00019
136.38860,0.00019
136.46242,0.00019
136.48879,0.00019
136.56274,0.00019
136.58853,0.00019
136.66263,0.00019
136.68869,0.00019
136.76293,0.00019
136.78837,0.00019
136.86279,0.00019
136.88828,0.00019
136.96261,0.00019
136.98874,0.00019
137.06275,0.00019
137.08871,0.00019
137.16257,0.00019
137.18876,0.00019
137.26259,0.00019
137.28837,0.00019
137.36247,0.00019
137.38849,0.00019
137.46259,0.00019
137.48885,0.00019
137.56237,0.00019
137.58854,0.00019
137.66248,0.00019
137.68900,0.00019
137.76276,0.00019
137.78875,0.00019
137.86265,0.00019
137.88874,0.00019
137.96249,0.00019
137.98867,0.00019
138.06256,0.00019
138.08886,0.00019
138.16260,0.00019
138.18859,0.00019
138.26271,0.00019
138.28873,0.00019
138.36237,0.00019
138.38876,0.00019
138.46231,0.00019
138.48854,0.00019
138.56225,0.00019
138.58873,0.00019
138.66241,0.00019
138.68865,0.00019
138.76268,0.00019
138.78863,0.00019
138.86241,0.00019
138.88847,0.00019
138.96243,0.00019
138.98832,0.00019
139.06231,0.00019
139.08861,0.00019
139.16228,0.00019
139.18869,0.00019
139.26262,0.00019
139.28858,0.00019
139.36278,0.00019
139.38894,0.00019
139.46258,0.00019
139.48867,0.00019
139.56252,0.00019
139.58848,0.00019
139.66225,0.00019
139.68925,0.00019
139.76247,0.00019
139.78862,0.00019
139.86245,0.00019
139.88878,0.00019
139.96247,0.00019
139.98879,0.00019
140.06261,0.00019
140.08873,0.00019
140.16248,0.00019
140.18849,0.00019
140.26269,0.00019
140.28876,0.00019
140.36266,0.00019
140.38869,0.00019
140.46260,0.00019
140.48911,0.00019
140.56271,0.00019
140.58850,0.00019
140.66244,0.00019
140.68861,0.00019
140.76262,0.00019
140.78927,0.00019
140.86268,0.00019
140.88944,0.00019
140.96264,0.00019
140.98897,0.00019
141.06289,0.00019
141.08894,0.00019
141.16251,0.00019
141.18875,0.00019
141.26256,0.00019
141.28915,0.00019
141.36242,0.00019
141.38909,0.00019
141.46275,0.00019
141.48910,0.00019
141.56289,0.00019
141.58913,0.00019
141.66261,0.00019
141.68888,0.00019
141.76268,0.00019
141.78844,0.00019
141.86267,0.00019
141.88905,0.00019
141.96254,0.00019
141.98865,0.00019
142.06252,0.00019
142.08894,0.00019
142.16245,0.00019
142.18868,0.00019
142.26269,0.00019
142.28858,0.00019
142.36264,0.00019
142.38845,0.00019
142.46255,0.00019
142.48869,0.00019
142.56237,0.00019
142.58880,0.00019
142.66235,0.00019
142.68896,0.00019
142.76254,0.00019
142.78850,0.00019
142.86223,0.00019
142.88862,0.00019
142.96251,0.00019
142.98897,0.00019
143.06230,0.00019
143.08865,0.00019
143.16246,0.00019
143.18876,0.00019
143.26214,0.00019
143.28857,0.00019
143.36234,0.00019
143.38852,0.00019
143.46232,0.00019
143.48857,0.00019
143.56243,0.00019
143.58865,0.00019
143.66265,0.00019
143.68874,0.00019
143.76245,0.00019
143.78856,0.00019
143.86270,0.00019
143.88941,0.00019
143.96241,0.00019
143.98849,0.00019
144.06252,0.00019
144.08882,0.00019
144.16258,0.00019
144.18867,0.00019
144.26253,0.00019
144.28979,0.00019
144.36267,0.00019
144.38847,0.00019
144.46249,0.00019
144.48871,0.00019
144.56258,0.00019
144.58946,0.00019
144.66241,0.00019
144.68961,0.00019
144.76261,0.00019
144.78869,0.00019
144.86260,0.00019
144.88917,0.00019
144.96259,0.00019
144.98875,0.00019
145.06259,0.00019
145.08867,0.00019
145.16265,0.00019
145.18922,0.00019
145.26271,0.00019
145.28915,0.00019
145.36246,0.00019
145.38920,0.00019
145.46266,0.00019
145.48873,0.00019
145.56259,0.00019
145.58850,0.00019
145.66265,0.00019
145.68917,0.00019
145.76265,0.00019
145.78855,0.00019
145.86251,0.00019
145.88908,0.00019
145.96259,0.00019
145.98889,0.00019
146.06266,0.00019
146.08860,0.00019
146.16243,0.00019
146.18863,0.00019
146.26260,0.00019
146.28890,0.00019
146.36263,0.00019
146.38882,0.00019
146.46270,0.00019
146.48899,0.00019
146.56250,0.00020
146.58866,0.00019
146.66250,0.00020
146.68883,0.00020
146.76242,0.00020
146.78950,0.00020
146.86255,0.00020
146.88942,0.00020
146.96273,0.00020
146.98873,0.00020
147.06275,0.00020
147.08934,0.00020
147.16263,0.00020
147.18896,0.00020
147.26256,0.00020
147.28886,0.00020
147.36271,0.00020
147.38916,0.00020
147.46270,0.00020
147.48884,0.00020
147.56270,0.00020
147.58936,0.00020
147.66256,0.00020
147.68874,0.00020
147.76248,0.00020
147.78863,0.00020
147.86276,0.00020
147.88920,0.00020
147.96264,0.00020
147.98875,0.00020
148.06271,0.00020
148.08886,0.00020
148.16259,0.00020
148.18934,0.00020
148.26271,0.00020
148.28883,0.00020
148.36265,0.00020
148.38871,0.00020
148.46269,0.00020
148.48975,0.00020
148.56263,0.00020
148.58861,0.00020
148.66275,0.00020
148.68869,0.00020
148.76265,0.00020
148.78861,0.00020
148.86237,0.00020
148.88872,0.00020
148.96270,0.00020
148.98955,0.00020
149.06271,0.00020
149.08870,0.00020
149.16262,0.00020
149.18873,0.00020
149.26273,0.00020
149.28868,0.00020
149.36275,0.00020
149.38848,0.00020
149.46280,0.00020
149.48847,0.00020
149.56260,0.00020
149.58864,0.00020
149.66259,0.00020
149.68869,0.00020
149.76231,0.00020
149.78860,0.00020
149.86218,0.00020
149.88876,0.00020
149.96250,0.00020
149.98849,0.00020
150.06247,0.00020
150.08867,0.00020
150.16268,0.00020
150.18877,0.00020
150.26335,0.00020
150.28865,0.00020
150.36252,0.00020
150.38869,0.00020
150.46234,0.00020
150.48855,0.00020
