time,x,y,yaw
0.00044,0.00000,0.00000,0.00000
0.10085,0.00000,0.00000,0.00000
0.20070,0.00000,0.00000,0.00000
0.30160,0.00000,0.00000,0.00000
0.40145,0.00000,0.00000,0.00000
0.50145,0.00000,0.00000,0.00000
0.60123,0.00000,0.00000,-0.00000
0.70131,0.00000,0.00000,-0.00001
0.80127,0.00024,-0.00000,0.00001
0.90134,0.00069,-0.00000,0.00004
1.00144,0.00066,-0.00000,0.00006
1.10133,0.00228,0.00000,0.00070
1.20163,0.00862,0.00002,0.00212
1.30153,0.00862,0.00002,0.00212
1.40162,0.00862,0.00002,0.00212
1.50153,0.00862,0.00002,0.00212
1.60163,0.03966,0.00007,0.00114
1.70161,0.04993,0.00007,0.00009
1.80152,0.05983,0.00007,0.00023
1.90158,0.06694,0.00007,0.00004
2.00136,0.08772,0.00005,-0.00177
2.10153,0.09081,0.00005,-0.00195
2.20166,0.10107,0.00003,-0.00158
2.30139,0.11100,0.00002,-0.00048
2.40128,0.12673,0.00004,0.00122
2.50133,0.13147,0.00004,0.00078
2.60132,0.13674,0.00005,0.00100
2.70120,0.15195,0.00005,0.00013
2.80132,0.16217,0.00004,-0.00086
2.90111,0.16217,0.00004,-0.00086
3.00166,0.17791,0.00001,-0.00208
3.10128,0.17791,0.00001,-0.00208
3.20136,0.17791,0.00001,-0.00208
3.30152,0.20363,-0.00004,-0.00144
3.40117,0.21335,-0.00005,-0.00129
3.50132,0.21335,-0.00005,-0.00129
3.60146,0.23315,-0.00007,-0.00114
3.70128,0.24320,-0.00008,-0.00080
3.80120,0.25356,-0.00009,-0.00071
3.90131,0.26331,-0.00010,-0.00040
4.00169,0.26331,-0.00010,-0.00040
4.10125,0.26331,-0.00010,-0.00040
4.20121,0.26331,-0.00010,-0.00040
4.30133,0.26331,-0.00010,-0.00040
4.40131,0.31277,-0.00012,-0.00036
4.50178,0.31277,-0.00012,-0.00036
4.60136,0.33326,-0.00012,0.00053
4.70137,0.33326,-0.00012,0.00053
4.80147,0.35358,-0.00015,-0.00190
4.90135,0.36336,-0.00016,-0.00120
5.00121,0.37314,-0.00016,0.00021
5.10135,0.37314,-0.00016,0.00021
5.20135,0.37314,-0.00016,0.00021
5.30131,0.38324,-0.00016,0.00048
5.40115,0.38324,-0.00016,0.00048
5.50128,0.42375,-0.00015,-0.00112
5.60125,0.42916,-0.00016,-0.00320
5.70122,0.43101,-0.00017,-0.00352
5.80124,0.43107,-0.00017,-0.00393
5.90120,0.43107,-0.00017,-0.00393
6.00128,0.43070,-0.00017,-0.00408
6.10119,0.43070,-0.00017,-0.00408
6.20143,0.43070,-0.00017,-0.00408
6.30107,0.43070,-0.00017,-0.00408
6.40118,0.43070,-0.00017,-0.00408
6.50119,0.43070,-0.00017,-0.00408
6.60112,0.43070,-0.00017,-0.00408
6.70131,0.42881,-0.00016,-0.00428
6.80132,0.42971,-0.00016,-0.00318
6.90120,0.43514,-0.00017,-0.00263
7.00117,0.43514,-0.00017,-0.00263
7.10144,0.43514,-0.00017,-0.00263
7.20132,0.43941,-0.00018,-0.00314
7.30152,0.44961,-0.00022,-0.00423
7.40146,0.46035,-0.00027,-0.00454
7.50152,0.47075,-0.00032,-0.00549
7.60140,0.48109,-0.00038,-0.00648
7.70121,0.49113,-0.00045,-0.00691
7.80170,0.49113,-0.00045,-0.00691
7.90138,0.50120,-0.00051,-0.00645
8.00129,0.50120,-0.00051,-0.00645
8.10123,0.51160,-0.00057,-0.00531
8.20129,0.53359,-0.00067,-0.00416
8.30119,0.53955,-0.00070,-0.00432
8.40109,0.54965,-0.00076,-0.00655
8.50119,0.54965,-0.00076,-0.00655
8.60147,0.54965,-0.00076,-0.00655
8.70123,0.54965,-0.00076,-0.00655
8.80156,0.55994,-0.00083,-0.00714
8.90137,0.55994,-0.00083,-0.00714
9.00139,0.55994,-0.00083,-0.00714
9.10134,0.55994,-0.00083,-0.00714
9.20133,0.55994,-0.00083,-0.00714
9.30131,0.55994,-0.00083,-0.00714
9.40132,0.55994,-0.00083,-0.00714
9.50126,0.55994,-0.00083,-0.00714
9.60150,0.55994,-0.00083,-0.00714
9.70170,0.55994,-0.00083,-0.00714
9.80111,0.55994,-0.00083,-0.00714
9.90133,0.55994,-0.00083,-0.00714
10.00137,0.56965,-0.00090,-0.00713
10.10136,0.56965,-0.00090,-0.00713
10.20150,0.56965,-0.00090,-0.00713
10.30128,0.56965,-0.00090,-0.00713
10.40114,0.56965,-0.00090,-0.00713
10.50120,0.56965,-0.00090,-0.00713
10.60155,0.57950,-0.00097,-0.00704
10.70152,0.57950,-0.00097,-0.00704
10.80160,0.57950,-0.00097,-0.00704
10.90126,0.57950,-0.00097,-0.00704
11.00128,0.57950,-0.00097,-0.00704
11.10123,0.57950,-0.00097,-0.00704
11.20143,0.57950,-0.00097,-0.00704
11.30149,0.57950,-0.00097,-0.00704
11.40166,0.62249,-0.00131,-0.00658
11.50124,0.62249,-0.00131,-0.00658
11.60136,0.62249,-0.00131,-0.00658
11.70122,0.62249,-0.00131,-0.00658
11.80127,0.62249,-0.00131,-0.00658
11.90126,0.62788,-0.00134,-0.00651
12.00128,0.62788,-0.00134,-0.00651
12.10118,0.62788,-0.00134,-0.00651
12.20106,0.62788,-0.00134,-0.00651
12.30136,0.62788,-0.00134,-0.00651
12.40131,0.62788,-0.00134,-0.00651
12.50145,0.63213,-0.00137,-0.00646
12.60136,0.63213,-0.00137,-0.00646
12.70119,0.63213,-0.00137,-0.00646
12.80125,0.63213,-0.00137,-0.00646
12.90152,0.63213,-0.00137,-0.00646
13.00144,0.63213,-0.00137,-0.00646
13.10174,0.63213,-0.00137,-0.00646
13.20170,0.63213,-0.00137,-0.00646
13.30127,0.63213,-0.00137,-0.00646
13.40128,0.63213,-0.00137,-0.00646
13.50115,0.63213,-0.00137,-0.00646
13.60114,0.63213,-0.00137,-0.00646
13.70131,0.63213,-0.00137,-0.00646
13.80139,0.63213,-0.00137,-0.00646
13.90167,0.63213,-0.00137,-0.00646
14.00141,0.63213,-0.00137,-0.00646
14.10145,0.63213,-0.00137,-0.00646
14.20155,0.63213,-0.00137,-0.00646
14.30151,0.63213,-0.00137,-0.00646
14.40167,0.63213,-0.00137,-0.00646
14.50136,0.63213,-0.00137,-0.00646
14.60133,0.63213,-0.00137,-0.00646
14.70133,0.63213,-0.00137,-0.00646
14.80135,0.63213,-0.00137,-0.00646
14.90188,0.63213,-0.00137,-0.00646
15.00173,0.63213,-0.00137,-0.00646
15.10139,0.63213,-0.00137,-0.00646
15.20155,0.63213,-0.00137,-0.00646
15.30117,0.63213,-0.00137,-0.00646
15.40165,0.63213,-0.00137,-0.00646
15.50133,0.63213,-0.00137,-0.00646
15.60170,0.63213,-0.00137,-0.00646
15.70190,0.63213,-0.00137,-0.00646
15.80131,0.63213,-0.00137,-0.00646
15.90145,0.63213,-0.00137,-0.00646
16.00148,0.63213,-0.00137,-0.00646
16.10146,0.63213,-0.00137,-0.00646
16.20132,0.63213,-0.00137,-0.00646
16.30120,0.63213,-0.00137,-0.00646
16.40122,0.63213,-0.00137,-0.00646
16.50175,0.63213,-0.00137,-0.00646
16.60178,0.63213,-0.00137,-0.00646
16.70137,0.63213,-0.00137,-0.00646
16.80155,0.63213,-0.00137,-0.00646
16.90133,0.63213,-0.00137,-0.00646
17.00150,0.63213,-0.00137,-0.00646
17.10128,0.63213,-0.00137,-0.00646
17.20147,0.63213,-0.00137,-0.00646
17.30136,0.63213,-0.00137,-0.00646
17.40194,0.63213,-0.00137,-0.00646
17.50161,0.66723,-0.00165,-0.01127
17.60164,0.66723,-0.00165,-0.01127
17.70133,0.66723,-0.00165,-0.01127
17.80163,0.66723,-0.00165,-0.01127
17.90177,0.66723,-0.00165,-0.01127
18.00145,0.66723,-0.00165,-0.01127
18.10132,0.66723,-0.00165,-0.01127
18.20191,0.66723,-0.00165,-0.01127
18.30154,0.66723,-0.00165,-0.01127
18.40128,0.66723,-0.00165,-0.01127
18.50152,0.66723,-0.00165,-0.01127
18.60125,0.66723,-0.00165,-0.01127
18.70105,0.66723,-0.00165,-0.01127
18.80117,0.66723,-0.00165,-0.01127
18.90115,0.66723,-0.00165,-0.01127
19.00105,0.66723,-0.00165,-0.01127
19.10119,0.66723,-0.00165,-0.01127
19.20146,0.66723,-0.00165,-0.01127
19.30144,0.66723,-0.00165,-0.01127
19.40146,0.66723,-0.00165,-0.01127
19.50136,0.66723,-0.00165,-0.01127
19.60153,0.66723,-0.00165,-0.01127
19.70133,0.66723,-0.00165,-0.01127
19.80152,0.66723,-0.00165,-0.01127
19.90125,0.66723,-0.00165,-0.01127
20.00164,0.66723,-0.00165,-0.01127
20.10154,0.66723,-0.00165,-0.01127
20.20174,0.66723,-0.00165,-0.01127
20.30151,0.66723,-0.00165,-0.01127
20.40144,0.66723,-0.00165,-0.01127
20.50158,0.66231,-0.00168,-0.00685
20.60160,0.66231,-0.00168,-0.00685
20.70163,0.66231,-0.00168,-0.00685
20.80154,0.66231,-0.00168,-0.00685
20.90157,0.66231,-0.00168,-0.00685
21.00149,0.66231,-0.00168,-0.00685
21.10156,0.67168,-0.00179,-0.00643
21.20136,0.67168,-0.00179,-0.00643
21.30146,0.67168,-0.00179,-0.00643
21.40151,0.67683,-0.00183,-0.00588
21.50145,0.67683,-0.00183,-0.00588
21.60145,0.67683,-0.00183,-0.00588
21.70146,0.67683,-0.00183,-0.00588
21.80145,0.67683,-0.00183,-0.00588
21.90164,0.68309,-0.00190,-0.00520
22.00127,0.68541,-0.00193,-0.00495
22.10137,0.68541,-0.00193,-0.00495
22.20132,0.68541,-0.00193,-0.00495
22.30123,0.68541,-0.00193,-0.00495
22.40162,0.68541,-0.00193,-0.00495
22.50176,0.68541,-0.00193,-0.00495
22.60165,0.68541,-0.00193,-0.00495
22.70143,0.68541,-0.00193,-0.00495
22.80129,0.68799,-0.00196,-0.00466
22.90125,0.68799,-0.00196,-0.00466
23.00160,0.68799,-0.00196,-0.00466
23.10161,0.68799,-0.00196,-0.00466
23.20166,0.68910,-0.00199,-0.00454
23.30154,0.72047,-0.00197,-0.00792
23.40166,0.77460,-0.00246,-0.00915
23.50172,0.77460,-0.00246,-0.00915
23.60179,0.77460,-0.00246,-0.00915
23.70171,0.77460,-0.00246,-0.00915
23.80198,0.77460,-0.00246,-0.00915
23.90142,0.80236,-0.00280,-0.00904
24.00165,0.93332,-0.00402,-0.01042
24.10143,0.93332,-0.00402,-0.01042
24.20154,0.93332,-0.00402,-0.01042
24.30154,1.12819,-0.00627,-0.01406
24.40196,1.12819,-0.00627,-0.01406
24.50155,1.12819,-0.00627,-0.01406
24.60162,1.12819,-0.00627,-0.01406
24.70152,1.12819,-0.00627,-0.01406
24.80175,1.12819,-0.00627,-0.01406
24.90135,1.12819,-0.00627,-0.01406
25.00152,1.12819,-0.00627,-0.01406
25.10181,1.12819,-0.00627,-0.01406
25.20155,1.12819,-0.00627,-0.01406
25.30154,1.12819,-0.00627,-0.01406
25.40162,1.17853,-0.00689,-0.01289
25.50170,1.17853,-0.00689,-0.01289
25.60142,1.17853,-0.00689,-0.01289
25.70155,1.17853,-0.00689,-0.01289
25.80161,1.17853,-0.00689,-0.01289
25.90171,1.17853,-0.00689,-0.01289
26.00167,1.17853,-0.00689,-0.01289
26.10152,1.17853,-0.00689,-0.01289
26.20153,1.17853,-0.00689,-0.01289
26.30156,1.17853,-0.00689,-0.01289
26.40169,1.25672,-0.00807,-0.01908
26.50163,1.25672,-0.00807,-0.01908
26.60162,1.25672,-0.00807,-0.01908
26.70176,1.25672,-0.00807,-0.01908
26.80139,1.25672,-0.00807,-0.01908
26.90160,1.25672,-0.00807,-0.01908
27.00151,1.29758,-0.00870,-0.01688
27.10152,1.29758,-0.00870,-0.01688
27.20147,1.29758,-0.00870,-0.01688
27.30156,1.29758,-0.00870,-0.01688
27.40163,1.29734,-0.00870,-0.01686
27.50191,1.29734,-0.00870,-0.01686
27.60176,1.29734,-0.00870,-0.01686
27.70154,1.30347,-0.00882,-0.02109
27.80143,1.30347,-0.00882,-0.02109
27.90168,1.30347,-0.00882,-0.02109
28.00179,1.30347,-0.00882,-0.02109
28.10173,1.30347,-0.00882,-0.02109
28.20170,1.30347,-0.00882,-0.02109
28.30137,1.30347,-0.00882,-0.02109
28.40148,1.30347,-0.00882,-0.02109
28.50163,1.30347,-0.00882,-0.02109
28.60170,1.30347,-0.00882,-0.02109
28.70166,1.30347,-0.00882,-0.02109
28.80157,1.30347,-0.00882,-0.02109
28.90149,1.30347,-0.00882,-0.02109
29.00154,1.30347,-0.00882,-0.02109
29.10156,1.30347,-0.00882,-0.02109
29.20144,1.30347,-0.00882,-0.02109
29.30137,1.34928,-0.01083,-0.06519
29.40152,1.48419,-0.02412,-0.11168
29.50133,1.52373,-0.02833,-0.11055
29.60163,1.54003,-0.03008,-0.10989
29.70168,1.54003,-0.03008,-0.10989
29.80170,1.54003,-0.03008,-0.10989
29.90161,1.54003,-0.03008,-0.10989
30.00162,1.54003,-0.03008,-0.10989
30.10144,1.54003,-0.03008,-0.10989
30.20172,1.57572,-0.03403,-0.11042
30.30206,1.57572,-0.03403,-0.11042
30.40145,1.57572,-0.03403,-0.11042
30.50153,1.58718,-0.03530,-0.11132
30.60154,1.58718,-0.03530,-0.11132
30.70153,1.60648,-0.03743,-0.11086
30.80169,1.62508,-0.03953,-0.11177
30.90162,1.62508,-0.03953,-0.11177
31.00142,1.70226,-0.04808,-0.11094
31.10179,1.70226,-0.04808,-0.11094
31.20152,1.72226,-0.05033,-0.11224
31.30147,1.74664,-0.05307,-0.11284
31.40162,1.77869,-0.05671,-0.11249
31.50125,1.78853,-0.05782,-0.11205
31.60132,1.78853,-0.05782,-0.11205
31.70143,1.81842,-0.06119,-0.11250
31.80161,1.84731,-0.06443,-0.11032
31.90151,1.85822,-0.06565,-0.11588
32.00163,1.85822,-0.06565,-0.11588
32.10187,1.85822,-0.06565,-0.11588
32.20113,1.85790,-0.06561,-0.11586
32.30176,1.85749,-0.06556,-0.11585
32.40176,1.85732,-0.06554,-0.11584
32.50165,1.85733,-0.06554,-0.11582
32.60184,1.85756,-0.06557,-0.11571
32.70151,1.85925,-0.06576,-0.11277
32.80137,1.86656,-0.06657,-0.10970
32.90175,1.86656,-0.06657,-0.10970
33.00165,1.87712,-0.06771,-0.10591
33.10174,1.87712,-0.06771,-0.10591
33.20165,1.87712,-0.06771,-0.10591
33.30144,1.87712,-0.06771,-0.10591
33.40155,1.87712,-0.06771,-0.10591
33.50178,1.87712,-0.06771,-0.10591
33.60164,1.87712,-0.06771,-0.10591
33.70146,1.87712,-0.06771,-0.10591
33.80150,1.91962,-0.07186,-0.08870
33.90153,1.94168,-0.07371,-0.07837
34.00170,1.95273,-0.07455,-0.07285
34.10162,1.95273,-0.07455,-0.07285
34.20120,1.96071,-0.07510,-0.06384
34.30156,1.96204,-0.07518,-0.06236
34.40182,1.96268,-0.07522,-0.06163
34.50160,1.96268,-0.07522,-0.06163
34.60146,1.96268,-0.07522,-0.06163
34.70148,1.96268,-0.07522,-0.06163
34.80169,1.96252,-0.07521,-0.06167
34.90156,1.96224,-0.07519,-0.06180
35.00182,1.96199,-0.07518,-0.06191
35.10169,1.96179,-0.07517,-0.06196
35.20176,1.96179,-0.07517,-0.06196
35.30162,1.96162,-0.07516,-0.06200
35.40176,1.96162,-0.07516,-0.06200
35.50155,1.96149,-0.07515,-0.06202
35.60165,1.96123,-0.07513,-0.06205
35.70167,1.96114,-0.07513,-0.06204
35.80147,1.96117,-0.07513,-0.06258
35.90132,1.96142,-0.07515,-0.06471
36.00136,1.96142,-0.07515,-0.06471
36.10174,1.96214,-0.07520,-0.06929
36.20177,1.96259,-0.07523,-0.07128
36.30148,1.96294,-0.07526,-0.07371
36.40136,1.96341,-0.07529,-0.07485
36.50113,1.97070,-0.07583,-0.07339
36.60143,1.98095,-0.07658,-0.07153
36.70165,1.98678,-0.07700,-0.07097
36.80159,1.98678,-0.07700,-0.07097
36.90109,1.98678,-0.07700,-0.07097
37.00132,2.00573,-0.07832,-0.06677
37.10162,2.00573,-0.07832,-0.06677
37.20151,2.01051,-0.07864,-0.06573
37.30148,2.01051,-0.07864,-0.06573
37.40149,2.01434,-0.07890,-0.06491
37.50166,2.01434,-0.07890,-0.06491
37.60151,2.01806,-0.07914,-0.06413
37.70179,2.01806,-0.07914,-0.06413
37.80178,2.01806,-0.07914,-0.06413
37.90180,2.01806,-0.07914,-0.06413
38.00157,2.01806,-0.07914,-0.06413
38.10136,2.01806,-0.07914,-0.06413
38.20140,2.01806,-0.07914,-0.06413
38.30172,2.01806,-0.07914,-0.06413
38.40161,2.02085,-0.07932,-0.06355
38.50188,2.02085,-0.07932,-0.06355
38.60145,2.02085,-0.07932,-0.06355
38.70152,2.02085,-0.07932,-0.06355
38.80149,2.02085,-0.07932,-0.06355
38.90158,2.02085,-0.07932,-0.06355
39.00173,2.02257,-0.07944,-0.06317
39.10129,2.02257,-0.07944,-0.06317
39.20157,2.02425,-0.07955,-0.06283
39.30150,2.02425,-0.07955,-0.06283
39.40167,2.02425,-0.07955,-0.06283
39.50153,2.02425,-0.07955,-0.06283
39.60134,2.03072,-0.07929,-0.04850
39.70128,2.04490,-0.07990,-0.04573
39.80145,2.06855,-0.08083,-0.04259
39.90122,2.08345,-0.08142,-0.04369
40.00172,2.24434,-0.09730,-0.24365
40.10156,2.30799,-0.11224,-0.35900
40.20137,2.30799,-0.11224,-0.35900
40.30144,2.30799,-0.11224,-0.35900
40.40160,2.30799,-0.11224,-0.35900
40.50155,2.30799,-0.11224,-0.35900
40.60162,2.30799,-0.11224,-0.35900
40.70191,2.30799,-0.11224,-0.35900
40.80156,2.30799,-0.11224,-0.35900
40.90166,2.30799,-0.11224,-0.35900
41.00169,2.30799,-0.11224,-0.35900
41.10168,2.30799,-0.11224,-0.35900
41.20145,2.30799,-0.11224,-0.35900
41.30155,2.33006,-0.12009,-0.39630
41.40135,2.33006,-0.12009,-0.39630
41.50181,2.33006,-0.12009,-0.39630
41.60171,2.34371,-0.12543,-0.42044
41.70176,2.34371,-0.12543,-0.42044
41.80164,2.34371,-0.12543,-0.42044
41.90147,2.34371,-0.12543,-0.42044
42.00158,2.34371,-0.12543,-0.42044
42.10155,2.34371,-0.12543,-0.42044
42.20161,2.34371,-0.12543,-0.42044
42.30175,2.34371,-0.12543,-0.42044
42.40128,2.34371,-0.12543,-0.42044
42.50159,2.35688,-0.13083,-0.44305
42.60174,2.36498,-0.13426,-0.45753
42.70177,2.36498,-0.13426,-0.45753
42.80185,2.37286,-0.13759,-0.47110
42.90155,2.37286,-0.13759,-0.47110
43.00146,2.37286,-0.13759,-0.47110
43.10163,2.37286,-0.13759,-0.47110
43.20139,2.37286,-0.13759,-0.47110
43.30164,2.37286,-0.13759,-0.47110
43.40138,2.37286,-0.13759,-0.47110
43.50134,2.37286,-0.13759,-0.47110
43.60177,2.37286,-0.13759,-0.47110
43.70167,2.37286,-0.13759,-0.47110
43.80149,2.37286,-0.13759,-0.47110
43.90140,2.37286,-0.13759,-0.47110
44.00177,2.37286,-0.13759,-0.47110
44.10152,2.37286,-0.13759,-0.47110
44.20160,2.37286,-0.13759,-0.47110
44.30157,2.37286,-0.13759,-0.47110
44.40171,2.37882,-0.14005,-0.48130
44.50160,2.37882,-0.14005,-0.48130
44.60152,2.37882,-0.14005,-0.48130
44.70182,2.37882,-0.14005,-0.48130
44.80170,2.37882,-0.14005,-0.48130
44.90166,2.37882,-0.14005,-0.48130
45.00165,2.37882,-0.14005,-0.48130
45.10142,2.37882,-0.14005,-0.48130
45.20166,2.37882,-0.14005,-0.48130
45.30137,2.37882,-0.14005,-0.48130
45.40167,2.37882,-0.14005,-0.48130
45.50159,2.37882,-0.14005,-0.48130
45.60126,2.37882,-0.14005,-0.48130
45.70161,2.37882,-0.14005,-0.48130
45.80162,2.37882,-0.14005,-0.48130
45.90178,2.37882,-0.14005,-0.48130
46.00152,2.37882,-0.14005,-0.48130
46.10129,2.37882,-0.14005,-0.48130
46.20132,2.37882,-0.14005,-0.48130
46.30125,2.37882,-0.14005,-0.48130
46.40167,2.37882,-0.14005,-0.48130
46.50159,2.37882,-0.14005,-0.48130
46.60143,2.37882,-0.14005,-0.48130
46.70172,2.37882,-0.14005,-0.48130
46.80153,2.37882,-0.14005,-0.48130
46.90184,2.37882,-0.14005,-0.48130
47.00170,2.55539,-0.35049,-0.85186
47.10145,2.55539,-0.35049,-0.85186
47.20151,2.56222,-0.35829,-0.85290
47.30121,2.56222,-0.35829,-0.85290
47.40152,2.56862,-0.36562,-0.85379
47.50157,2.56862,-0.36562,-0.85379
47.60150,2.57516,-0.37312,-0.85393
47.70171,2.57516,-0.37312,-0.85393
47.80162,2.57516,-0.37312,-0.85393
47.90135,2.57516,-0.37312,-0.85393
48.00155,2.58799,-0.38784,-0.85448
48.10161,2.58799,-0.38784,-0.85448
48.20170,2.59451,-0.39533,-0.85494
48.30140,2.60117,-0.40298,-0.85522
48.40141,2.61201,-0.41546,-0.85482
48.50142,2.61201,-0.41546,-0.85482
48.60152,2.61193,-0.41537,-0.85482
48.70173,2.61193,-0.41537,-0.85482
48.80151,2.61193,-0.41537,-0.85482
48.90140,2.61193,-0.41537,-0.85482
49.00149,2.61174,-0.41516,-0.85483
49.10168,2.61207,-0.41553,-0.85565
49.20158,2.61207,-0.41553,-0.85565
49.30186,2.61207,-0.41553,-0.85565
49.40192,2.61207,-0.41553,-0.85565
49.50126,2.61207,-0.41553,-0.85565
49.60167,2.65892,-0.47081,-0.87137
49.70172,2.66533,-0.47843,-0.87174
49.80163,2.66533,-0.47843,-0.87174
49.90154,2.66533,-0.47843,-0.87174
50.00147,2.67156,-0.48584,-0.87183
50.10151,2.67350,-0.48815,-0.87198
50.20168,2.67427,-0.48907,-0.87169
50.30164,2.67417,-0.48894,-0.87168
50.40110,2.67370,-0.48840,-0.89960
50.50121,2.67517,-0.49114,-1.16662
50.60155,2.67611,-0.49666,-1.60002
50.70159,2.67594,-0.49798,-1.72470
50.80179,2.67594,-0.49798,-1.72470
50.90177,2.67531,-0.50022,-1.96231
51.00167,2.67533,-0.50019,-1.95733
51.10136,2.67533,-0.50019,-1.95701
51.20131,2.67534,-0.50018,-1.95678
51.30151,2.67534,-0.50018,-1.95678
51.40178,2.67534,-0.50018,-1.95678
51.50151,2.67534,-0.50018,-1.95678
51.60134,2.67534,-0.50018,-1.95678
51.70144,2.67534,-0.50018,-1.95678
51.80152,2.67535,-0.50014,-1.95655
51.90162,2.67536,-0.50013,-1.95653
52.00166,2.67536,-0.50013,-1.95653
52.10138,2.67536,-0.50013,-1.95653
52.20674,2.67536,-0.50013,-1.95654
52.30172,2.67536,-0.50013,-1.95654
52.40161,2.67536,-0.50013,-1.95654
52.50129,2.67578,-0.49877,-1.81602
52.60163,2.67578,-0.49877,-1.81602
52.70144,2.67608,-0.49632,-1.58802
52.80134,2.67608,-0.49632,-1.58802
52.90148,2.67594,-0.49463,-1.45434
53.00154,2.67564,-0.49316,-1.31582
53.10179,2.67512,-0.49176,-1.17749
53.20144,2.67434,-0.49032,-1.03791
53.30152,2.67378,-0.48951,-0.96470
53.40163,2.67378,-0.48951,-0.96470
53.50131,2.67378,-0.48951,-0.96470
53.60167,2.67378,-0.48951,-0.96470
53.70154,2.67207,-0.48777,-0.89143
53.80135,2.67207,-0.48777,-0.89143
53.90141,2.67207,-0.48777,-0.89143
54.00147,2.67139,-0.48725,-0.86636
54.10166,2.67081,-0.48692,-0.84760
54.20124,2.67081,-0.48692,-0.84760
54.30132,2.67081,-0.48692,-0.84760
54.40155,2.67081,-0.48692,-0.84760
54.50165,2.67041,-0.48676,-0.83557
54.60176,2.67041,-0.48676,-0.83557
54.70152,2.67002,-0.48669,-0.90107
54.80166,2.67002,-0.48669,-0.90107
54.90136,2.66977,-0.48670,-0.94299
55.00169,2.66977,-0.48670,-0.94299
55.10165,2.66977,-0.48670,-0.94299
55.20184,2.66977,-0.48670,-0.94299
55.30161,2.66977,-0.48670,-0.94299
55.40141,2.66977,-0.48670,-0.94299
55.50163,2.66977,-0.48670,-0.94299
55.60140,2.66977,-0.48670,-0.94299
55.70168,2.66977,-0.48670,-0.94299
55.80179,2.66977,-0.48670,-0.94299
55.90161,2.66977,-0.48670,-0.94299
56.00166,2.66977,-0.48670,-0.94299
56.10169,2.66953,-0.48673,-0.97653
56.20128,2.66953,-0.48673,-0.97653
56.30132,2.66930,-0.48678,-1.00337
56.40177,2.66930,-0.48678,-1.00337
56.50160,2.66930,-0.48678,-1.00337
56.60164,2.66930,-0.48678,-1.00337
56.70162,2.66930,-0.48678,-1.00337
56.80159,2.66930,-0.48678,-1.00337
56.90155,2.66930,-0.48678,-1.00337
57.00143,2.66930,-0.48678,-1.00337
57.10187,2.66930,-0.48678,-1.00337
57.20160,2.66930,-0.48678,-1.00337
57.30165,2.66930,-0.48678,-1.00337
57.40171,2.66930,-0.48678,-1.00337
57.50160,2.66930,-0.48678,-1.00337
57.60158,2.66930,-0.48678,-1.00337
57.70150,2.66930,-0.48678,-1.00337
57.80158,2.66930,-0.48678,-1.00337
57.90150,2.66930,-0.48678,-1.00337
58.00167,2.66930,-0.48678,-1.00337
58.10155,2.66930,-0.48678,-1.00337
58.20144,2.66930,-0.48678,-1.00337
58.30169,2.66930,-0.48678,-1.00337
58.40189,2.66930,-0.48678,-1.00337
58.50147,2.66901,-0.48685,-1.02849
58.60158,2.66901,-0.48685,-1.02849
58.70150,2.66901,-0.48685,-1.02849
58.80153,2.66901,-0.48685,-1.02849
58.90151,2.66901,-0.48685,-1.02849
59.00183,2.66901,-0.48685,-1.02849
59.10170,2.66901,-0.48685,-1.02849
59.20146,2.66881,-0.48699,-1.08030
59.30141,2.66881,-0.48699,-1.08030
59.40150,2.66881,-0.48699,-1.08030
59.50161,2.67172,-0.48726,-0.74203
59.60129,2.67129,-0.48688,-0.71455
59.70139,2.67129,-0.48688,-0.71455
59.80139,2.67118,-0.48677,-0.69997
59.90162,2.67144,-0.48703,-0.73450
60.00157,2.67195,-0.48781,-0.81957
60.10159,2.67213,-0.48820,-0.85723
60.20125,2.67412,-0.49476,-1.43594
60.30134,2.67412,-0.49476,-1.43594
60.40166,2.67458,-0.49781,-1.65650
60.50159,2.67458,-0.49781,-1.65650
60.60159,2.67458,-0.49781,-1.65650
60.70148,2.67458,-0.49781,-1.65650
60.80161,2.67458,-0.49781,-1.65650
60.90165,2.67458,-0.49781,-1.65650
61.00181,2.67458,-0.49781,-1.65650
61.10176,2.67458,-0.49781,-1.65650
61.20147,2.67458,-0.49781,-1.65650
61.30154,2.67458,-0.49781,-1.65650
61.40174,2.67458,-0.49781,-1.65650
61.50176,2.67458,-0.49781,-1.65650
61.60190,2.67454,-0.49944,-1.78858
61.70161,2.67350,-0.50269,-1.95958
61.80167,2.67265,-0.50451,-2.05284
61.90149,2.67168,-0.50616,-2.14786
62.00151,2.66960,-0.50878,-2.33050
62.10193,2.66960,-0.50878,-2.33050
62.20178,2.66960,-0.50878,-2.33050
62.30160,2.66726,-0.51091,-2.43934
62.40166,2.66726,-0.51091,-2.43934
62.50146,2.66747,-0.50581,-1.40788
62.60190,2.66747,-0.50581,-1.40788
62.70182,2.66747,-0.50581,-1.40788
62.80168,2.66808,-0.50501,-1.17765
62.90180,2.66873,-0.51221,-1.49599
63.00149,2.66962,-0.52023,-1.84179
63.10162,2.66970,-0.52102,-1.87007
63.20161,2.66970,-0.52102,-1.87007
63.30188,2.66976,-0.52107,-1.87796
63.40189,2.66981,-0.52100,-1.88380
63.50166,2.66931,-0.52233,-1.96867
63.60168,2.66839,-0.52413,-2.07693
63.70133,2.66792,-0.52490,-2.13874
63.80166,2.66792,-0.52490,-2.13874
63.90190,2.66486,-0.52819,-2.42740
64.00187,2.66486,-0.52819,-2.42740
64.10173,2.66315,-0.52944,-2.54004
64.20151,2.66315,-0.52944,-2.54004
64.30177,2.65635,-0.53221,-2.89579
64.40180,2.65635,-0.53221,-2.89579
64.50171,2.65635,-0.53221,-2.89579
64.60174,2.65402,-0.53271,-2.94574
64.70164,2.65408,-0.53270,-2.94361
64.80175,2.65271,-0.53281,-2.96870
64.90197,2.65271,-0.53281,-2.96870
65.00186,2.65166,-0.53284,-2.98769
65.10178,2.65166,-0.53284,-2.98769
65.20174,2.65166,-0.53284,-2.98769
65.30170,2.65166,-0.53284,-2.98769
65.40185,2.65087,-0.53281,-3.00193
65.50154,2.65038,-0.53277,-3.01106
65.60158,2.64960,-0.53263,-3.02514
65.70169,2.64931,-0.53254,-3.03020
65.80153,2.64909,-0.53246,-3.03404
65.90169,2.64909,-0.53246,-3.03404
66.00166,2.64909,-0.53246,-3.03404
66.10181,2.64887,-0.53238,-3.09220
66.20136,2.64867,-0.53231,-3.12995
66.30145,2.64867,-0.53231,-3.12995
66.40155,2.64867,-0.53231,-3.12995
66.50199,2.64850,-0.53222,3.11882
66.60177,2.64839,-0.53215,3.09647
66.70156,2.64830,-0.53208,3.07859
66.80168,2.64830,-0.53208,3.07859
66.90152,2.64830,-0.53208,3.07859
67.00179,2.64830,-0.53208,3.07859
67.10165,2.64830,-0.53208,3.07859
67.20200,2.64824,-0.53202,3.06424
67.30118,2.64824,-0.53202,3.06424
67.40131,2.64824,-0.53202,3.06424
67.50152,2.64824,-0.53202,3.06424
67.60139,2.64824,-0.53202,3.06424
67.70153,2.64824,-0.53202,3.06424
67.80165,2.64824,-0.53202,3.06424
67.90147,2.64824,-0.53202,3.06424
68.00155,2.64811,-0.53185,3.03544
68.10161,2.64811,-0.53185,3.03544
68.20171,2.64811,-0.53185,3.03544
68.30139,2.64806,-0.53177,3.02480
68.40135,2.64806,-0.53177,3.02480
68.50183,2.64805,-0.53174,3.02151
68.60158,2.64805,-0.53174,3.02151
68.70193,2.64805,-0.53174,3.02151
68.80187,2.64805,-0.53174,3.02151
68.90156,2.64805,-0.53174,3.02151
69.00162,2.64805,-0.53174,3.02151
69.10175,2.64804,-0.53171,3.01887
69.20163,2.64804,-0.53171,3.01887
69.30156,2.64802,-0.53168,3.01479
69.40129,2.64802,-0.53168,3.01479
69.50152,2.64802,-0.53168,3.01479
69.60154,2.64802,-0.53168,3.01479
69.70131,2.64802,-0.53168,3.01479
69.80163,2.64797,-0.53168,2.97088
69.90136,2.64797,-0.53168,2.97088
70.00159,2.64789,-0.53168,2.93289
70.10157,2.64789,-0.53168,2.93289
70.20173,2.64789,-0.53168,2.93289
70.30158,2.64789,-0.53168,2.93289
70.40170,2.64789,-0.53168,2.93289
70.50177,2.64789,-0.53168,2.93289
70.60168,2.64789,-0.53168,2.93289
70.70198,2.64789,-0.53168,2.93289
70.80203,2.64789,-0.53168,2.93289
70.90189,2.64789,-0.53168,2.93289
71.00165,2.64789,-0.53168,2.93289
71.10172,2.64789,-0.53168,2.93289
71.20156,2.64789,-0.53168,2.93289
71.30161,2.64789,-0.53168,2.93289
71.40164,2.64789,-0.53168,2.93289
71.50157,2.64789,-0.53168,2.93289
71.60175,2.64789,-0.53168,2.93289
71.70158,2.64789,-0.53168,2.93289
71.80149,2.64789,-0.53168,2.93289
71.90152,2.64789,-0.53168,2.93289
72.00175,2.64789,-0.53168,2.93289
72.10167,2.64789,-0.53168,2.93289
72.20186,2.64789,-0.53168,2.93289
72.30146,2.64789,-0.53168,2.93289
72.40183,2.64789,-0.53168,2.93289
72.50177,2.64789,-0.53168,2.93289
72.60185,2.64789,-0.53168,2.93289
72.70133,2.64789,-0.53168,2.93289
72.80159,2.64789,-0.53168,2.93289
72.90176,2.64789,-0.53168,2.93289
73.00156,2.64789,-0.53168,2.93289
73.10186,2.64789,-0.53168,2.93289
73.20156,2.64789,-0.53168,2.93289
73.30202,2.64789,-0.53168,2.93289
73.40185,2.64789,-0.53168,2.93289
73.50179,2.64789,-0.53168,2.93289
73.60181,2.64789,-0.53168,2.93289
73.70184,2.64789,-0.53168,2.93289
73.80177,2.64789,-0.53168,2.93289
73.90168,2.64789,-0.53168,2.93289
74.00173,2.64789,-0.53168,2.93289
74.10169,2.64789,-0.53168,2.93289
74.20176,2.64789,-0.53168,2.93289
74.30165,2.64789,-0.53168,2.93289
74.40151,2.64789,-0.53168,2.93289
74.50166,2.64789,-0.53168,2.93289
74.60171,2.64789,-0.53168,2.93289
74.70187,2.64789,-0.53168,2.93289
74.80154,2.64789,-0.53168,2.93289
74.90145,2.64789,-0.53168,2.93289
75.00157,2.64789,-0.53168,2.93289
75.10173,2.64789,-0.53168,2.93289
75.20164,2.64789,-0.53168,2.93289
75.30177,2.64789,-0.53168,2.93289
75.40155,2.64789,-0.53168,2.93289
75.50166,2.64789,-0.53168,2.93289
75.60177,2.64789,-0.53168,2.93289
75.70177,2.64789,-0.53168,2.93289
75.80177,2.64789,-0.53168,2.93289
75.90174,2.64789,-0.53168,2.93289
76.00169,2.64789,-0.53168,2.93289
76.10156,2.64789,-0.53168,2.93289
76.20152,2.64789,-0.53168,2.93289
76.30148,2.64789,-0.53168,2.93289
76.40193,2.64789,-0.53168,2.93289
76.50181,2.64789,-0.53168,2.93289
76.60159,2.64789,-0.53168,2.93289
76.70179,2.64789,-0.53168,2.93289
76.80182,2.64789,-0.53168,2.93289
76.90171,2.64789,-0.53168,2.93289
77.00196,2.64789,-0.53168,2.93289
77.10173,2.64789,-0.53168,2.93289
77.20165,2.64789,-0.53168,2.93289
77.30192,2.64789,-0.53168,2.93289
77.40180,2.64789,-0.53168,2.93289
77.50150,2.64789,-0.53168,2.93289
77.60169,2.64789,-0.53168,2.93289
77.70156,2.64789,-0.53168,2.93289
77.80175,2.64789,-0.53168,2.93289
77.90182,2.64789,-0.53168,2.93289
78.00170,2.64789,-0.53168,2.93289
78.10181,2.64789,-0.53168,2.93289
78.20176,2.64789,-0.53168,2.93289
78.30157,2.64789,-0.53168,2.93289
78.40198,2.64789,-0.53168,2.93289
78.50155,2.64789,-0.53168,2.93289
78.60145,2.64789,-0.53168,2.93289
78.70162,2.64789,-0.53168,2.93289
78.80194,2.64789,-0.53168,2.93289
78.90195,2.64789,-0.53168,2.93289
79.00177,2.64789,-0.53168,2.93289
79.10172,2.64789,-0.53168,2.93289
79.20186,2.64789,-0.53168,2.93289
79.30185,2.64789,-0.53168,2.93289
79.40182,2.63704,-0.52797,2.53501
79.50174,2.63704,-0.52797,2.53501
79.60159,2.63704,-0.52797,2.53501
79.70156,2.63704,-0.52797,2.53501
79.80159,2.63704,-0.52797,2.53501
79.90159,2.63704,-0.52797,2.53501
80.00142,2.63704,-0.52797,2.53501
80.10154,2.63704,-0.52797,2.53501
80.20166,2.63704,-0.52797,2.53501
80.30134,2.63704,-0.52797,2.53501
80.40154,2.63704,-0.52797,2.53501
80.50177,2.63704,-0.52797,2.53501
80.60193,2.63704,-0.52797,2.53501
80.70176,2.63704,-0.52797,2.53501
80.80118,2.63704,-0.52797,2.53501
80.90144,2.63704,-0.52797,2.53501
81.00174,2.63704,-0.52797,2.53501
81.10184,2.63704,-0.52797,2.53501
81.20174,2.63704,-0.52797,2.53501
81.30153,2.63704,-0.52797,2.53501
81.40168,2.63704,-0.52797,2.53501
81.50161,2.63704,-0.52797,2.53501
81.60176,2.63704,-0.52797,2.53501
81.70197,2.63704,-0.52797,2.53501
81.80176,2.63704,-0.52797,2.53501
81.90146,2.63704,-0.52797,2.53501
82.00146,2.63704,-0.52797,2.53501
82.10162,2.63704,-0.52797,2.53501
82.20180,2.63704,-0.52797,2.53501
82.30165,2.63704,-0.52797,2.53501
82.40184,2.63704,-0.52797,2.53501
82.50128,2.63704,-0.52797,2.53501
82.60143,2.63070,-0.41644,1.49318
82.70172,2.63070,-0.41644,1.49318
82.80189,2.63070,-0.41644,1.49318
82.90144,2.63070,-0.41644,1.49318
83.00136,2.63070,-0.41644,1.49318
83.10145,2.63070,-0.41644,1.49318
83.20155,2.63070,-0.41644,1.49318
83.30153,2.63070,-0.41644,1.49318
83.40145,2.63070,-0.41644,1.49318
83.50143,2.63070,-0.41644,1.49318
83.60127,2.63070,-0.41644,1.49318
83.70172,2.63070,-0.41644,1.49318
83.80174,2.63070,-0.41644,1.49319
83.90171,2.63065,-0.41644,1.49318
84.00164,2.63072,-0.41645,1.49318
84.10170,2.63072,-0.41645,1.49318
84.20169,2.63072,-0.41645,1.49318
84.30167,2.63072,-0.41645,1.49318
84.40180,2.63072,-0.41645,1.49318
84.50185,2.63072,-0.41645,1.49318
84.60167,2.63072,-0.41645,1.49318
84.70173,2.63072,-0.41645,1.49318
84.80166,2.63072,-0.41645,1.49318
84.90149,2.63072,-0.41645,1.49318
85.00180,2.63072,-0.41645,1.49318
85.10121,2.63072,-0.41645,1.49318
85.20172,2.63072,-0.41645,1.49318
85.30202,2.63073,-0.41645,1.49318
85.40182,2.63073,-0.41645,1.49318
85.50199,2.63073,-0.41645,1.49318
85.60178,2.63073,-0.41645,1.49318
85.70145,2.63073,-0.41645,1.49318
85.80163,2.63073,-0.41645,1.49318
85.90205,2.63073,-0.41645,1.49318
86.00174,2.63073,-0.41645,1.49318
86.10165,2.63073,-0.41645,1.49318
86.20116,2.63073,-0.41645,1.49318
86.30123,2.63073,-0.41645,1.49318
86.40134,2.63073,-0.41645,1.49318
86.50187,2.63073,-0.41645,1.49318
86.60194,2.63073,-0.41645,1.49318
86.70153,2.63073,-0.41645,1.49318
86.80190,2.63073,-0.41645,1.49318
86.90187,2.63073,-0.41645,1.49318
87.00189,2.63073,-0.41645,1.49318
87.10179,2.63073,-0.41645,1.49318
87.20190,2.63073,-0.41645,1.49318
87.30208,2.63073,-0.41645,1.49318
87.40181,2.63073,-0.41645,1.49318
87.50171,2.63073,-0.41645,1.49318
87.60150,2.63073,-0.41645,1.49318
87.70202,2.63075,-0.41645,1.49318
87.80151,2.63075,-0.41645,1.49318
87.90186,2.63075,-0.41645,1.49318
88.00169,2.63075,-0.41645,1.49318
88.10178,2.63075,-0.41645,1.49318
88.20193,2.63075,-0.41645,1.49318
88.30181,2.63075,-0.41645,1.49318
88.40149,2.63075,-0.41645,1.49318
88.50182,2.63076,-0.41646,1.49319
88.60182,2.63076,-0.41646,1.49319
88.70193,2.63076,-0.41646,1.49319
88.80209,2.63076,-0.41646,1.49319
88.90192,2.63076,-0.41646,1.49319
89.00147,2.63076,-0.41646,1.49319
89.10171,2.63076,-0.41646,1.49319
89.20176,2.63076,-0.41646,1.49318
89.30173,2.63076,-0.41646,1.49318
89.40194,2.63076,-0.41646,1.49318
89.50160,2.63076,-0.41646,1.49318
89.60184,2.63076,-0.41646,1.49318
89.70148,2.63076,-0.41646,1.49318
89.80186,2.63076,-0.41646,1.49318
89.90174,2.63076,-0.41646,1.49318
90.00161,2.63076,-0.41646,1.49318
90.10170,2.63076,-0.41646,1.49318
90.20221,2.63076,-0.41646,1.49318
90.30168,2.63076,-0.41646,1.49318
90.40198,2.63076,-0.41646,1.49318
90.50162,2.63076,-0.41646,1.49318
90.60177,2.63076,-0.41646,1.49318
90.70181,2.63076,-0.41646,1.49318
90.80216,2.63076,-0.41646,1.49318
90.90190,2.63076,-0.41646,1.49318
91.00187,2.63076,-0.41646,1.49318
91.10164,2.63076,-0.41646,1.49318
91.20159,2.63076,-0.41646,1.49318
91.30220,2.63076,-0.41646,1.49318
91.40178,2.63076,-0.41646,1.49318
91.50180,2.63076,-0.41646,1.49318
91.60160,2.63076,-0.41646,1.49318
91.70153,2.63076,-0.41646,1.49318
91.80166,2.63076,-0.41646,1.49318
91.90213,2.63076,-0.41646,1.49318
92.00143,2.63076,-0.41646,1.49318
92.10188,2.63076,-0.41647,1.49318
92.20191,2.63076,-0.41647,1.49318
92.30181,2.63076,-0.41647,1.49318
92.40190,2.63076,-0.41647,1.49318
92.50183,2.63076,-0.41647,1.49318
92.60200,2.63076,-0.41647,1.49318
92.70161,2.63076,-0.41647,1.49318
92.80173,2.63076,-0.41647,1.49318
92.90156,2.63077,-0.41642,1.49399
93.00172,2.63077,-0.41642,1.49399
93.10182,2.63079,-0.41615,1.49775
93.20170,2.63084,-0.41545,1.50648
93.30141,2.63084,-0.41545,1.50648
93.40162,2.63097,-0.41202,1.54291
93.50206,2.63097,-0.41202,1.54291
93.60192,2.62997,-0.39622,1.69388
93.70182,2.62818,-0.38674,1.78919
93.80164,2.62818,-0.38674,1.78919
93.90155,2.62661,-0.38103,1.84179
94.00209,2.62661,-0.38103,1.84179
94.10187,2.62661,-0.38103,1.84179
94.20194,2.62661,-0.38103,1.84179
94.30134,2.62661,-0.38103,1.84179
94.40170,2.62661,-0.38103,1.84179
94.50201,2.62661,-0.38103,1.84179
94.60123,2.62316,-0.37176,1.95069
94.70159,2.56817,-0.32657,2.71079
94.80141,2.54963,-0.31602,2.57455
94.90149,2.52978,-0.29956,2.36920
95.00158,2.50256,-0.24452,1.74779
95.10243,2.50132,-0.22469,1.57273
95.20172,2.50133,-0.22274,1.57145
95.30183,2.50132,-0.22321,1.57515
95.40152,2.50130,-0.22357,1.57950
95.50151,2.50130,-0.22357,1.57950
95.60221,2.50130,-0.22384,1.58080
95.70179,2.50128,-0.22423,1.58168
95.80153,2.50127,-0.22435,1.58180
95.90156,2.50126,-0.22445,1.58188
96.00134,2.50126,-0.22449,1.58192
96.10156,2.50126,-0.22449,1.58192
96.20227,2.50126,-0.22449,1.58192
96.30170,2.50126,-0.22449,1.58192
96.40171,2.50125,-0.22456,1.58194
96.50161,2.50124,-0.22463,1.58195
96.60156,2.50123,-0.22467,1.58196
96.70150,2.50122,-0.22472,1.58196
96.80214,2.50121,-0.22481,1.58230
96.90133,2.50119,-0.22483,1.58229
97.00182,2.50119,-0.22483,1.58229
97.10155,2.50119,-0.22483,1.58229
97.20155,2.50119,-0.22473,1.57823
97.30228,2.50119,-0.22473,1.57823
97.40157,2.50118,-0.22397,1.57333
97.50148,2.50129,-0.21963,1.51153
97.60152,2.50299,-0.21040,1.28342
97.70145,2.50373,-0.20826,1.22071
97.80208,2.50465,-0.20604,1.16235
97.90172,2.50465,-0.20604,1.16235
98.00198,2.50465,-0.20604,1.16235
98.10166,2.50559,-0.20409,1.10478
98.20144,2.50659,-0.20229,1.04867
98.30181,2.50701,-0.20159,1.03453
98.40179,2.50691,-0.20175,1.03620
98.50148,2.50705,-0.20152,1.02511
98.60165,2.50735,-0.20104,0.99391
98.70160,2.50919,-0.19863,0.87506
98.80154,2.51081,-0.19692,0.74947
98.90167,2.51563,-0.19368,0.49879
99.00190,2.51611,-0.19343,0.48863
99.10185,2.51620,-0.19338,0.48974
99.20136,2.51602,-0.19347,0.49523
99.30147,2.51588,-0.19354,0.48866
99.40149,2.51692,-0.19300,0.46769
99.50190,2.51692,-0.19300,0.46769
99.60183,2.51881,-0.19212,0.41786
99.70156,2.51881,-0.19212,0.41786
99.80157,2.52106,-0.19124,0.34814
99.90197,2.52106,-0.19124,0.34814
100.00266,2.52106,-0.19124,0.34814
100.10174,2.52106,-0.19124,0.34814
100.20190,2.52106,-0.19124,0.34814
100.30146,2.52106,-0.19124,0.34814
100.40174,2.52106,-0.19124,0.34814
100.50175,2.52106,-0.19124,0.34814
100.60186,2.52106,-0.19124,0.34814
100.70177,2.52106,-0.19124,0.34814
100.80195,2.52106,-0.19124,0.34814
100.90158,2.52106,-0.19124,0.34814
101.00193,2.52345,-0.19051,0.27682
101.10190,2.52345,-0.19051,0.27682
101.20185,2.52345,-0.19051,0.27682
101.30205,2.52345,-0.19051,0.27682
101.40166,2.52345,-0.19051,0.27682
101.50176,2.52345,-0.19051,0.27682
101.60203,2.52345,-0.19051,0.27682
101.70208,2.52345,-0.19051,0.27682
101.80169,2.52345,-0.19051,0.27682
101.90177,2.52345,-0.19051,0.27682
102.00184,2.52345,-0.19051,0.27682
102.10177,2.52345,-0.19051,0.27682
102.20210,2.52345,-0.19051,0.27682
102.30186,2.52589,-0.18995,0.20659
102.40198,2.52589,-0.18995,0.20659
102.50204,2.52701,-0.18975,0.16585
102.60184,2.52701,-0.18975,0.16585
102.70190,2.52959,-0.18945,0.09208
102.80180,2.52959,-0.18945,0.09208
102.90183,2.53238,-0.18933,0.01809
103.00194,2.53238,-0.18933,0.01809
103.10208,2.53238,-0.18933,0.01809
103.20163,2.53238,-0.18933,0.01809
103.30237,2.53238,-0.18933,0.01809
103.40227,2.53238,-0.18933,0.01809
103.50233,2.53238,-0.18933,0.01809
103.60193,2.53238,-0.18933,0.01809
103.70206,2.53238,-0.18933,0.01809
103.80209,2.53238,-0.18933,0.01809
103.90240,2.53742,-0.18966,-0.11105
104.00187,2.53744,-0.18965,-0.10996
104.10181,2.53739,-0.18964,-0.10986
104.20195,2.53739,-0.18964,-0.10986
104.30180,2.53739,-0.18964,-0.10986
104.40239,2.53739,-0.18964,-0.10986
104.50175,2.53735,-0.18964,-0.10986
104.60200,2.53735,-0.18964,-0.10986
104.70155,2.53732,-0.18963,-0.10958
104.80158,2.53732,-0.18963,-0.10958
104.90173,2.53731,-0.18963,-0.10857
105.00177,2.53731,-0.18963,-0.10857
105.10178,2.53731,-0.18963,-0.10857
105.20198,2.53733,-0.18964,-0.10395
105.30160,2.53733,-0.18964,-0.10395
105.40173,2.53704,-0.18961,-0.07567
105.50177,2.53669,-0.18958,-0.04710
105.60187,2.53669,-0.18958,-0.04710
105.70184,2.53643,-0.18957,-0.01826
105.80170,2.53577,-0.18956,0.00471
105.90181,2.53525,-0.18957,0.03274
106.00165,2.53525,-0.18957,0.03274
106.10161,2.53525,-0.18957,0.03274
106.20202,2.53492,-0.18958,0.06315
106.30162,2.53492,-0.18958,0.06315
106.40181,2.53453,-0.18960,0.16393
106.50166,2.53439,-0.18964,0.23942
106.60164,2.53421,-0.18970,0.31857
106.70182,2.53421,-0.18970,0.51475
106.80152,2.53372,-0.19004,0.67602
106.90182,2.53201,-0.19204,0.98680
107.00191,2.53087,-0.19431,1.21241
107.10155,2.53053,-0.19535,1.32585
107.20183,2.53035,-0.19629,1.43679
107.30194,2.53035,-0.19629,1.43679
107.40141,2.53026,-0.19752,1.54783
107.50145,2.53339,-0.20564,2.25428
107.60161,2.53379,-0.20615,2.27227
107.70193,2.53369,-0.20604,2.27546
107.80202,2.53384,-0.20621,2.29555
107.90174,2.53567,-0.20795,2.47315
108.00191,2.53703,-0.20887,2.59179
108.10185,2.53826,-0.20952,2.71384
108.20177,2.53826,-0.20952,2.71384
108.30190,2.54046,-0.21021,2.91385
108.40164,2.54173,-0.21039,3.04352
108.50173,2.54286,-0.21040,-3.11781
108.60174,2.54527,-0.21005,-2.91810
108.70207,2.54527,-0.21005,-2.91810
108.80174,2.54527,-0.21005,-2.91810
108.90143,2.54499,-0.21011,-2.92138
109.00168,2.54429,-0.21027,-2.93313
109.10192,2.54634,-0.20963,-2.74765
109.20181,2.54884,-0.20813,-2.48393
109.30239,2.54884,-0.20813,-2.48393
109.40211,2.54884,-0.20813,-2.48393
109.50165,2.54979,-0.20727,-2.34823
109.60183,2.55070,-0.20616,-2.21046
109.70178,2.55070,-0.20616,-2.21046
109.80182,2.55306,-0.19933,-1.66559
109.90203,2.55306,-0.19933,-1.66559
110.00179,2.55306,-0.19933,-1.66559
110.10200,2.55306,-0.19933,-1.66559
110.20183,2.55309,-0.19903,-1.65293
110.30176,2.55305,-0.19949,-1.65955
110.40188,2.55305,-0.19949,-1.65955
110.50168,2.55304,-0.19963,-1.66353
110.60199,2.55304,-0.19971,-1.66499
110.70173,2.55304,-0.19973,-1.66519
110.80206,2.55305,-0.19977,-1.66541
110.90188,2.55304,-0.19976,-1.66540
111.00171,2.55304,-0.19976,-1.66540
111.10157,2.55304,-0.19976,-1.66540
111.20175,2.55304,-0.19976,-1.66540
111.30157,2.55305,-0.19979,-1.66542
111.40199,2.55302,-0.20010,-1.66860
111.50173,2.55201,-0.20757,-1.72717
111.60177,2.54741,-0.22645,-1.86774
111.70171,2.54359,-0.23684,-1.95032
111.80191,2.54095,-0.24270,-1.99871
111.90155,2.54095,-0.24270,-1.99871
112.00185,2.53195,-0.25862,-2.12995
112.10176,2.52536,-0.26772,-2.21508
112.20181,2.52536,-0.26772,-2.21508
112.30181,2.50966,-0.28426,-2.38825
112.40191,2.50966,-0.28426,-2.38825
112.50134,2.50321,-0.28980,-2.43994
112.60203,2.50217,-0.29080,-2.44645
112.70190,2.50217,-0.29080,-2.44645
112.80162,2.50229,-0.29071,-2.44383
112.90179,2.50274,-0.29037,-2.44272
113.00173,2.50293,-0.29023,-2.44255
113.10173,2.50293,-0.29023,-2.44255
113.20170,2.50293,-0.29023,-2.44255
113.30188,2.50293,-0.29023,-2.44255
113.40185,2.50293,-0.29023,-2.44255
113.50186,2.50054,-0.29170,-2.44309
113.60193,2.49824,-0.29299,-2.46171
113.70186,2.49824,-0.29299,-2.46171
113.80151,2.49824,-0.29299,-2.46171
113.90140,2.49635,-0.29385,-2.47567
114.00155,2.49635,-0.29385,-2.47567
114.10135,2.49635,-0.29385,-2.47567
114.20481,2.49635,-0.29385,-2.47567
114.30178,2.49635,-0.29385,-2.47567
114.40203,2.49484,-0.29437,-2.48615
114.50161,2.49484,-0.29437,-2.48615
114.60193,2.49362,-0.29463,-2.49400
114.70174,2.49261,-0.29470,-2.49990
114.80177,2.49261,-0.29470,-2.49990
114.90191,2.49261,-0.29470,-2.49990
115.00154,2.49176,-0.29462,-2.50431
115.10162,2.49176,-0.29462,-2.50431
115.20163,2.49176,-0.29462,-2.50431
115.30185,2.49176,-0.29462,-2.50431
115.40140,2.49176,-0.29462,-2.50431
115.50195,2.49176,-0.29462,-2.50431
115.60205,2.49176,-0.29462,-2.50431
115.70200,2.49176,-0.29462,-2.50431
115.80172,2.49116,-0.29448,-2.50714
115.90175,2.49116,-0.29448,-2.50714
116.00192,2.49116,-0.29448,-2.50714
116.10172,2.49116,-0.29448,-2.50714
116.20177,2.49063,-0.29428,-2.50940
116.30172,2.49063,-0.29428,-2.50940
116.40197,2.49063,-0.29428,-2.50940
116.50163,2.49063,-0.29428,-2.50940
116.60171,2.49063,-0.29428,-2.50940
116.70210,2.49010,-0.29406,-2.54572
116.80161,2.49010,-0.29406,-2.54572
116.90148,2.49010,-0.29406,-2.54572
117.00172,2.48946,-0.29373,-2.57958
117.10154,2.48946,-0.29373,-2.57958
117.20167,2.48946,-0.29373,-2.57958
117.30186,2.48946,-0.29373,-2.57958
117.40183,2.48946,-0.29373,-2.57958
117.50166,2.48946,-0.29373,-2.57958
117.60171,2.48891,-0.29333,-2.60503
117.70179,2.48891,-0.29333,-2.60503
117.80182,2.48891,-0.29333,-2.60503
117.90159,2.48891,-0.29333,-2.60503
118.00184,2.48891,-0.29333,-2.60503
118.10173,2.48850,-0.29296,-2.62133
118.20160,2.48850,-0.29296,-2.62133
118.30167,2.48850,-0.29296,-2.62133
118.40156,2.48850,-0.29296,-2.62133
118.50158,2.48850,-0.29296,-2.62133
118.60148,2.48850,-0.29296,-2.62133
118.70187,2.48850,-0.29296,-2.62133
118.80173,2.48850,-0.29296,-2.62133
118.90161,2.48850,-0.29296,-2.62133
119.00161,2.48850,-0.29296,-2.62133
119.10179,2.48777,-0.29214,-2.64481
119.20204,2.48744,-0.29169,-2.65317
119.30184,2.48744,-0.29169,-2.65317
119.40186,2.48704,-0.29111,-2.66097
119.50188,2.48643,-0.29012,-2.66999
119.60177,2.48643,-0.29012,-2.66999
119.70179,2.48643,-0.29012,-2.66999
119.80175,2.48605,-0.28947,-2.67374
119.90182,2.48605,-0.28947,-2.67374
120.00157,2.48605,-0.28947,-2.67374
120.10161,2.48576,-0.28894,-2.67615
120.20174,2.48576,-0.28894,-2.67615
120.30172,2.48488,-0.28762,-2.75230
120.40160,2.48488,-0.28762,-2.75230
120.50167,2.48412,-0.28619,-2.79463
120.60164,2.48384,-0.28558,-2.80633
120.70176,2.48384,-0.28558,-2.80633
120.80172,2.48358,-0.28495,-2.81572
120.90169,2.50361,-0.28977,-2.44305
121.00181,2.50361,-0.28977,-2.44252
121.10159,2.50361,-0.28977,-2.44248
121.20156,2.50361,-0.28977,-2.44250
121.30129,2.50393,-0.28951,-2.45062
121.40194,2.50401,-0.28945,-2.45688
121.50174,2.50371,-0.28965,-2.49617
121.60195,2.50208,-0.29071,-2.56533
121.70157,2.50208,-0.29071,-2.56533
121.80179,2.50208,-0.29071,-2.56533
121.90167,2.50208,-0.29071,-2.56533
122.00182,2.50137,-0.29106,-2.64697
122.10201,2.50137,-0.29106,-2.64773
122.20154,2.50136,-0.29107,-2.64773
122.30160,2.50033,-0.29152,-2.71462
122.40126,2.49203,-0.29223,2.89733
122.50189,2.49206,-0.29225,2.89529
122.60178,2.48928,-0.29112,2.62083
122.70171,2.48928,-0.29112,2.62083
122.80156,2.48821,-0.29035,2.48906
122.90157,2.48821,-0.29035,2.48906
123.00193,2.48821,-0.29035,2.48906
123.10165,2.48821,-0.29035,2.48906
123.20184,2.48762,-0.28982,2.40850
123.30191,2.48762,-0.28982,2.40850
123.40175,2.48709,-0.28931,2.35337
123.50147,2.48637,-0.28859,2.28352
123.60168,2.48636,-0.28852,2.25863
123.70155,2.48583,-0.28796,2.27162
123.80159,2.48552,-0.28757,2.25388
123.90148,2.48552,-0.28757,2.25388
124.00150,2.48504,-0.28690,2.22275
124.10188,2.48504,-0.28690,2.22275
124.20155,2.48504,-0.28690,2.22275
124.30170,2.48457,-0.28617,2.18919
124.40171,2.48426,-0.28564,2.16533
124.50171,2.48212,-0.28118,1.98180
124.60146,2.48212,-0.28118,1.98180
124.70169,2.48212,-0.28118,1.98180
124.80168,2.48088,-0.27846,1.88699
124.90163,2.48050,-0.27757,1.86672
125.00173,2.48003,-0.27375,1.86627
125.10173,2.48003,-0.27375,1.86627
125.20164,2.48054,-0.27784,1.86517
125.30175,2.48054,-0.27785,1.86516
125.40199,2.48054,-0.27785,1.86516
125.50173,2.48054,-0.27785,1.86516
125.60174,2.48054,-0.27785,1.86516
125.70167,2.48054,-0.27786,1.86515
125.80181,2.48095,-0.27917,1.86517
125.90181,2.48095,-0.27917,1.86517
126.00190,2.48095,-0.27917,1.86517
126.10200,2.48103,-0.27949,1.86518
126.20198,2.47931,-0.26899,1.53859
126.30173,2.47950,-0.26688,1.46182
126.40169,2.48185,-0.26142,1.27583
126.50152,2.48185,-0.26142,1.27583
126.60182,2.48255,-0.26064,1.26710
126.70184,2.48178,-0.26088,0.93814
126.80159,2.48179,-0.26085,0.92899
126.90172,2.48179,-0.26085,0.92899
127.00139,2.48179,-0.26085,0.92899
127.10135,2.48179,-0.26085,0.92899
127.20158,2.48179,-0.26085,0.92899
127.30172,2.48179,-0.26085,0.92899
127.40152,2.48167,-0.26102,0.90744
127.50175,2.48209,-0.26048,0.87229
127.60186,2.48246,-0.26009,0.80803
127.70184,2.48316,-0.25940,0.74281
127.80162,2.48316,-0.25940,0.74281
127.90183,2.48316,-0.25940,0.74281
128.00166,2.48316,-0.25940,0.74281
128.10179,2.48316,-0.25940,0.74281
128.20183,2.48316,-0.25940,0.74281
128.30140,2.48316,-0.25940,0.74281
128.40168,2.48316,-0.25940,0.74281
128.50165,2.48316,-0.25940,0.74281
128.60171,2.48316,-0.25940,0.74281
128.70143,2.48316,-0.25940,0.74281
128.80181,2.48316,-0.25940,0.74281
128.90146,2.48316,-0.25940,0.74281
129.00174,2.48316,-0.25940,0.74281
129.10189,2.48316,-0.25940,0.74281
129.20171,2.48316,-0.25940,0.74281
129.30201,2.48316,-0.25940,0.74281
129.40163,2.48316,-0.25940,0.74281
129.50175,2.48316,-0.25940,0.74281
129.60152,2.48316,-0.25940,0.74281
129.70183,2.48316,-0.25940,0.74281
129.80172,2.48316,-0.25940,0.74281
129.90162,2.48316,-0.25940,0.74281
130.00147,2.48316,-0.25940,0.74281
130.10162,2.48316,-0.25940,0.74281
130.20174,2.48316,-0.25940,0.74281
130.30189,2.48316,-0.25940,0.74281
130.40186,2.48316,-0.25940,0.74281
130.50174,2.48316,-0.25940,0.74281
130.60162,2.48316,-0.25940,0.74281
130.70191,2.48316,-0.25940,0.74281
130.80167,2.48316,-0.25940,0.74281
130.90167,2.48316,-0.25940,0.74281
131.00171,2.48316,-0.25940,0.74281
131.10148,2.48316,-0.25940,0.74281
131.20198,2.48316,-0.25940,0.74281
131.30161,2.48316,-0.25940,0.74281
131.40187,2.48316,-0.25940,0.74281
131.50206,2.48316,-0.25940,0.74281
131.60188,2.48316,-0.25940,0.74281
131.70190,2.48316,-0.25940,0.74281
131.80197,2.48316,-0.25940,0.74281
131.90159,2.48316,-0.25940,0.74281
132.00184,2.48316,-0.25940,0.74281
132.10150,2.48316,-0.25940,0.74281
132.20170,2.48316,-0.25940,0.74281
132.30149,2.48316,-0.25940,0.74281
132.40152,2.48316,-0.25940,0.74281
132.50147,2.48316,-0.25940,0.74281
132.60179,2.48316,-0.25940,0.74281
132.70133,2.48316,-0.25940,0.74281
132.80133,2.48316,-0.25940,0.74281
132.90135,2.48316,-0.25940,0.74281
133.00167,2.48316,-0.25940,0.74281
133.10195,2.48316,-0.25940,0.74281
133.20161,2.48316,-0.25940,0.74281
133.30173,2.48316,-0.25940,0.74281
133.40176,2.48316,-0.25940,0.74281
133.50163,2.48316,-0.25940,0.74281
133.60187,2.48316,-0.25940,0.74281
133.70196,2.48316,-0.25940,0.74281
133.80171,2.48316,-0.25940,0.74281
133.90169,2.48316,-0.25940,0.74281
134.00166,2.48316,-0.25940,0.74281
134.10163,2.48316,-0.25940,0.74281
134.20195,2.48316,-0.25940,0.74281
134.30182,2.48316,-0.25940,0.74281
134.40159,2.48316,-0.25940,0.74281
134.50189,2.48316,-0.25940,0.74281
134.60163,2.48316,-0.25940,0.74281
134.70162,2.48316,-0.25940,0.74281
134.80139,2.48316,-0.25940,0.74281
134.90173,2.48316,-0.25940,0.74281
135.00168,2.48316,-0.25940,0.74281
135.10161,2.48316,-0.25940,0.74281
135.20184,2.48316,-0.25940,0.74281
135.30131,2.48316,-0.25940,0.74281
135.40159,2.48316,-0.25940,0.74281
135.50183,2.48316,-0.25940,0.74281
135.60185,2.48316,-0.25940,0.74281
135.70183,2.48316,-0.25940,0.74281
135.80160,2.48316,-0.25940,0.74281
135.90184,2.48316,-0.25940,0.74281
136.00171,2.48316,-0.25940,0.74281
136.10153,2.48316,-0.25940,0.74281
136.20182,2.48316,-0.25940,0.74281
136.30165,2.48316,-0.25940,0.74281
136.40172,2.48316,-0.25940,0.74281
136.50169,2.48316,-0.25940,0.74281
136.60178,2.48316,-0.25940,0.74281
136.70144,2.48316,-0.25940,0.74281
136.80185,2.48316,-0.25940,0.74281
136.90171,2.48316,-0.25940,0.74281
137.00207,2.48316,-0.25940,0.74281
137.10192,2.48316,-0.25940,0.74281
137.20170,2.48316,-0.25940,0.74281
137.30190,2.48316,-0.25940,0.74281
137.40178,2.48316,-0.25940,0.74281
137.50187,2.48316,-0.25940,0.74281
137.60160,2.48316,-0.25940,0.74281
137.70178,2.48316,-0.25940,0.74281
137.80143,2.48316,-0.25940,0.74281
137.90157,2.48316,-0.25940,0.74281
138.00183,2.48540,-0.25792,0.34517
138.10170,2.48540,-0.25792,0.34517
138.20159,2.48540,-0.25792,0.34517
138.30163,2.48540,-0.25792,0.34517
138.40166,2.48540,-0.25792,0.34517
138.50179,2.48540,-0.25792,0.34517
138.60149,2.48540,-0.25792,0.34517
138.70142,2.48540,-0.25792,0.34517
138.80131,2.48540,-0.25792,0.34517
138.90146,2.48540,-0.25792,0.34517
139.00185,2.48540,-0.25792,0.34517
139.10155,2.48540,-0.25792,0.34517
139.20157,2.48540,-0.25792,0.34517
139.30139,2.48540,-0.25792,0.34517
139.40141,2.48540,-0.25792,0.34517
139.50165,2.48540,-0.25792,0.34517
139.60190,2.48540,-0.25792,0.34517
139.70162,2.48540,-0.25792,0.34517
139.80159,2.48540,-0.25792,0.34517
139.90131,2.48609,-0.25729,0.43708
140.00162,2.48607,-0.25725,0.43707
140.10164,2.48606,-0.25722,0.43707
140.20156,2.48606,-0.25722,0.43707
140.30174,2.48604,-0.25719,0.43707
140.40160,2.48601,-0.25712,0.43707
140.50181,2.48601,-0.25712,0.43707
140.60175,2.48601,-0.25712,0.43707
140.70168,2.48601,-0.25712,0.43707
140.80191,2.48601,-0.25712,0.43707
140.90159,2.48601,-0.25712,0.43707
141.00167,2.48601,-0.25712,0.43707
141.10172,2.48601,-0.25712,0.43707
141.20173,2.48601,-0.25712,0.43707
141.30197,2.48601,-0.25712,0.43707
141.40164,2.48601,-0.25712,0.43707
141.50171,2.48601,-0.25712,0.43707
141.60151,2.48599,-0.25708,0.43707
141.70184,2.48599,-0.25708,0.43707
141.80199,2.48599,-0.25708,0.43707
141.90176,2.48599,-0.25708,0.43707
142.00182,2.48595,-0.25699,0.43707
142.10183,2.48595,-0.25699,0.43707
142.20157,2.48593,-0.25695,0.43707
142.30171,2.48589,-0.25685,0.43707
142.40151,2.48586,-0.25680,0.43707
142.50194,2.48600,-0.25767,0.43736
142.60184,2.48600,-0.25767,0.43736
142.70161,2.48600,-0.25767,0.43736
142.80152,2.48600,-0.25767,0.43736
142.90144,2.48600,-0.25767,0.43736
143.00171,2.48600,-0.25767,0.43736
143.10132,2.48600,-0.25767,0.43736
143.20172,2.48600,-0.25767,0.43736
143.30133,2.48600,-0.25767,0.43736
143.40156,2.48600,-0.25767,0.43736
143.50131,2.48600,-0.25767,0.43736
143.60142,2.48600,-0.25767,0.43736
143.70136,2.48600,-0.25767,0.43736
143.80151,2.48600,-0.25767,0.43736
143.90187,2.48600,-0.25767,0.43736
144.00153,2.48600,-0.25767,0.43736
144.10184,2.48600,-0.25767,0.43736
144.20151,2.48600,-0.25767,0.43736
144.30159,2.48600,-0.25767,0.43736
144.40174,2.48604,-0.25765,0.43774
144.50170,2.48604,-0.25765,0.43774
144.60182,2.48604,-0.25765,0.43774
144.70151,2.48624,-0.25755,0.48251
144.80163,2.48624,-0.25755,0.48251
144.90146,2.48624,-0.25755,0.48251
145.00176,2.48624,-0.25755,0.48251
145.10163,2.48624,-0.25755,0.48251
145.20166,2.48624,-0.25755,0.48251
145.30162,2.48624,-0.25755,0.48251
145.40168,2.48624,-0.25755,0.48251
145.50178,2.48624,-0.25755,0.48251
145.60149,2.48624,-0.25755,0.48251
145.70187,2.48624,-0.25755,0.48251
145.80177,2.48624,-0.25755,0.48251
145.90169,2.48624,-0.25755,0.48251
146.00184,2.48624,-0.25755,0.48251
146.10158,2.48624,-0.25755,0.48251
146.20172,2.48624,-0.25755,0.48251
146.30179,2.48624,-0.25755,0.48251
146.40152,2.48624,-0.25755,0.48251
146.50174,2.48624,-0.25755,0.48251
146.60172,2.48624,-0.25755,0.48251
146.70178,2.48624,-0.25755,0.48251
146.80163,2.48624,-0.25755,0.48251
146.90162,2.48624,-0.25755,0.48251
147.00146,2.48624,-0.25755,0.48251
147.10163,2.48624,-0.25755,0.48251
147.20185,2.48624,-0.25755,0.48251
147.30185,2.48624,-0.25755,0.48251
147.40171,2.48624,-0.25755,0.48251
147.50163,2.48624,-0.25755,0.48251
147.60179,2.48624,-0.25755,0.48251
147.70173,2.48624,-0.25755,0.48251
147.80179,2.48624,-0.25755,0.48251
147.90167,2.48624,-0.25755,0.48251
148.00160,2.48624,-0.25755,0.48251
148.10185,2.48624,-0.25755,0.48251
148.20176,2.48624,-0.25755,0.48251
148.30184,2.48624,-0.25755,0.48251
148.40177,2.48624,-0.25755,0.48251
148.50189,2.48624,-0.25755,0.48251
148.60173,2.48624,-0.25755,0.48251
148.70184,2.48624,-0.25755,0.48251
148.80181,2.48624,-0.25755,0.48251
148.90182,2.48624,-0.25755,0.48251
149.00169,2.48624,-0.25755,0.48251
149.10144,2.48624,-0.25755,0.48251
149.20174,2.48624,-0.25755,0.48251
149.30181,2.48624,-0.25755,0.48251
149.40173,2.48624,-0.25755,0.48251
149.50188,2.48624,-0.25755,0.48251
149.60186,2.48624,-0.25755,0.48251
149.70186,2.48624,-0.25755,0.48251
149.80171,2.48624,-0.25755,0.48251
149.90169,2.48624,-0.25755,0.48251
150.00140,2.48624,-0.25755,0.48251
150.10129,2.48624,-0.25755,0.48251
150.20165,2.48624,-0.25755,0.48251
150.30154,2.48624,-0.25755,0.48251
150.40187,2.48624,-0.25755,0.48251
150.50246,2.48624,-0.25755,0.48251
150.60157,2.48624,-0.25755,0.48251
150.70149,2.48624,-0.25755,0.48251
150.92237,2.48624,-0.25755,0.48251
